customer_id,customer_name,email,city,state,signup_date
1,Siddharth Singh_1,siddharth.singh_1@gmail.com,Kolkata,WB,17-03-2022
2,Sameer Tiwari_2,sameer.tiwari_2@gmail.com,Chennai,TN,18-12-2021
3,Rajat Ghosh_3,rajat.ghosh_3@gmail.com,Bangalore,KA,12-04-2021
4,Varun Iyer_4,varun.iyer_4@gmail.com,Delhi,DL,13-03-2024
5,Sunil Sawant_5,sunil.sawant_5@gmail.com,Kolkata,WB,04-02-2022
6,Mahesh Mishra_6,mahesh.mishra_6@gmail.com,Chennai,TN,25-03-2021
7,Aditya Bansal_7,aditya.bansal_7@gmail.com,Kolkata,WB,21-02-2021
8,Rajat Mittal_8,rajat.mittal_8@gmail.com,Kolkata,WB,17-11-2022
9,Naveen Bhardwaj_9,naveen.bhardwaj_9@gmail.com,Bangalore,KA,19-03-2023
10,Pradeep Chaudhary_10,pradeep.chaudhary_10@gmail.com,Pune,MH,31-05-2023
11,Ankit Yadav_11,ankit.yadav_11@gmail.com,Delhi,DL,21-06-2024
12,Harish Goenka_12,harish.goenka_12@gmail.com,Chennai,TN,05-01-2022
13,Rajiv Tripathi_13,rajiv.tripathi_13@gmail.com,Mumbai,MH,24-11-2023
14,Kunal Chaudhary_14,kunal.chaudhary_14@gmail.com,Kolkata,WB,16-10-2023
15,Mahesh Mittal_15,mahesh.mittal_15@gmail.com,Pune,MH,11-04-2023
16,Sanjay Rao_16,sanjay.rao_16@gmail.com,Kolkata,WB,05-06-2022
17,Sachin Kumar_17,sachin.kumar_17@gmail.com,Delhi,DL,20-08-2021
18,Mukesh Sen_18,mukesh.sen_18@gmail.com,Hyderabad,TS,28-02-2023
19,Aditya Tiwari_19,aditya.tiwari_19@gmail.com,Hyderabad,TS,15-04-2024
20,Ravi More_20,ravi.more_20@gmail.com,Pune,MH,13-12-2023
21,Shubham Kapoor_21,shubham.kapoor_21@gmail.com,Mumbai,MH,11-05-2024
22,Abhishek Naidu_22,abhishek.naidu_22@gmail.com,Hyderabad,TS,29-03-2024
23,Shubham Tiwari_23,shubham.tiwari_23@gmail.com,Bangalore,KA,13-07-2023
24,Rakesh Reddy_24,rakesh.reddy_24@gmail.com,Bangalore,KA,19-03-2022
25,Ajay Iyer_25,ajay.iyer_25@gmail.com,Mumbai,MH,20-04-2021
26,Mukesh Ghosh_26,mukesh.ghosh_26@gmail.com,Delhi,DL,02-07-2024
27,Aakash Saxena_27,aakash.saxena_27@gmail.com,Bangalore,KA,13-05-2022
28,Alok Shetty_28,alok.shetty_28@gmail.com,Delhi,DL,02-10-2023
29,Kunal _29,kunal._29@gmail.com,Delhi,DL,11-06-2023
30,Pradeep Chaudhary_30,pradeep.chaudhary_30@gmail.com,Pune,MH,02-01-2023
31,Suresh Rana_31,suresh.rana_31@gmail.com,Chennai,TN,24-05-2024
32,Anurag Gupta_32,anurag.gupta_32@gmail.com,Pune,MH,03-09-2023
33,Tarun Ghosh_33,tarun.ghosh_33@gmail.com,Kolkata,WB,19-06-2021
34,Siddharth Mukherjee_34,siddharth.mukherjee_34@gmail.com,Kolkata,WB,07-10-2024
35,Shubham Kapoor_35,shubham.kapoor_35@gmail.com,Pune,MH,13-12-2021
36,Kunal Malhotra_36,kunal.malhotra_36@gmail.com,Pune,MH,03-10-2023
37,Sachin Reddy_37,sachin.reddy_37@gmail.com,Mumbai,MH,04-08-2023
38,Siddharth Mishra_38,siddharth.mishra_38@gmail.com,Pune,MH,23-04-2024
39,Tarun Sen_39,tarun.sen_39@gmail.com,Mumbai,MH,25-09-2022
40,Naresh Kapoor_40,naresh.kapoor_40@gmail.com,Chennai,TN,12-04-2024
41,Rakesh More_41,rakesh.more_41@gmail.com,Mumbai,MH,02-12-2022
42,Vikas Sawant_42,vikas.sawant_42@gmail.com,Delhi,DL,26-07-2022
43,Kapil Kulkarni_43,kapil.kulkarni_43@gmail.com,Delhi,DL,14-09-2024
44,Ashish Thakur_44,ashish.thakur_44@gmail.com,Pune,MH,12-05-2023
45,Shubham Sen_45,shubham.sen_45@gmail.com,Mumbai,MH,15-11-2024
46,Ankit Singh_46,ankit.singh_46@gmail.com,Hyderabad,TS,11-11-2024
47,Arjun Iyer_47,arjun.iyer_47@gmail.com,Hyderabad,TS,21-08-2022
48,Rakesh Tiwari_48,rakesh.tiwari_48@gmail.com,Mumbai,MH,23-02-2023
49,Yogesh Mukherjee_49,yogesh.mukherjee_49@gmail.com,Kolkata,WB,26-05-2021
50,Rakesh Tiwari_50,rakesh.tiwari_50@gmail.com,Pune,MH,15-11-2024
51,Sachin Bhardwaj_51,sachin.bhardwaj_51@gmail.com,Kolkata,WB,30-09-2024
52,Aman Mishra_52,aman.mishra_52@gmail.com,Chennai,TN,18-08-2023
53,Rajiv Naik_53,rajiv.naik_53@gmail.com,Mumbai,MH,06-06-2023
54, Mehta_54,.mehta_54@gmail.com,Bangalore,KA,18-10-2024
55,Mahesh Saxena_55,mahesh.saxena_55@gmail.com,Mumbai,MH,21-01-2024
56,Manish More_56,manish.more_56@gmail.com,Kolkata,WB,25-09-2024
57,Karan Chopra_57,karan.chopra_57@gmail.com,Delhi,DL,20-11-2021
58,Ajay _58,ajay._58@gmail.com,Bangalore,KA,15-03-2022
59,Rahul Chaudhary_59,rahul.chaudhary_59@gmail.com,Bangalore,KA,01-12-2024
60,Rajiv Mehta_60,rajiv.mehta_60@gmail.com,Mumbai,MH,25-05-2024
61,Pradeep Yadav_61,pradeep.yadav_61@gmail.com,Pune,MH,12-09-2023
62,Suresh Mishra_62,suresh.mishra_62@gmail.com,Kolkata,WB,14-08-2021
63,Hemant Chopra_63,hemant.chopra_63@gmail.com,Hyderabad,TS,08-11-2023
64,Karan Mukherjee_64,karan.mukherjee_64@gmail.com,Chennai,TN,27-03-2024
65,Hemant Mukherjee_65,hemant.mukherjee_65@gmail.com,Pune,MH,27-07-2022
66,Ajay Yadav_66,ajay.yadav_66@gmail.com,Kolkata,WB,01-03-2021
67,Aman Chowdhury_67,aman.chowdhury_67@gmail.com,Chennai,TN,25-04-2021
68,Aakash Reddy_68,aakash.reddy_68@gmail.com,Chennai,TN,31-08-2021
69,Arjun Dwivedi_69,arjun.dwivedi_69@gmail.com,Mumbai,MH,10-08-2024
70,Naresh Yadav_70,naresh.yadav_70@gmail.com,Kolkata,WB,26-09-2022
71,Yogesh Banerjee_71,yogesh.banerjee_71@gmail.com,Bangalore,KA,25-02-2022
72,Pradeep Shetty_72,pradeep.shetty_72@gmail.com,Pune,MH,26-08-2023
73,Deepak Rana_73,deepak.rana_73@gmail.com,Chennai,TN,26-11-2024
74,Harish Bhardwaj_74,harish.bhardwaj_74@gmail.com,Mumbai,MH,21-07-2024
75,Hemant Patel_75,hemant.patel_75@gmail.com,Hyderabad,TS,28-12-2024
76,Anurag Deshpande_76,anurag.deshpande_76@gmail.com,Mumbai,MH,08-03-2021
77,Kapil Malhotra_77,kapil.malhotra_77@gmail.com,Chennai,TN,09-04-2021
78,Yogesh Das_78,yogesh.das_78@gmail.com,Chennai,TN,17-09-2022
79,Arjun Kapoor_79,arjun.kapoor_79@gmail.com,Delhi,DL,08-02-2022
80,Naresh Singh_80,naresh.singh_80@gmail.com,Mumbai,MH,02-10-2022
81,ayush Tripathi_81,ayush.tripathi_81@gmail.com,Pune,MH,14-06-2023
82, Rao_82,.rao_82@gmail.com,Chennai,TN,01-02-2021
83,Manoj Tiwari_83,manoj.tiwari_83@gmail.com,Chennai,TN,03-02-2023
84,Sachin Kumar_84,sachin.kumar_84@gmail.com,Mumbai,MH,24-09-2021
85,Siddharth Deshpande_85,siddharth.deshpande_85@gmail.com,Delhi,DL,02-11-2022
86,Kunal Verma_86,kunal.verma_86@gmail.com,Mumbai,MH,29-03-2024
87,Deepak Banerjee_87,deepak.banerjee_87@gmail.com,Kolkata,WB,15-10-2021
88,Siddharth Sawant_88,siddharth.sawant_88@gmail.com,Kolkata,WB,23-08-2021
89,Rohit Ghosh_89,rohit.ghosh_89@gmail.com,Kolkata,WB,20-10-2023
90,Harish Kulkarni_90,harish.kulkarni_90@gmail.com,Pune,MH,12-11-2022
91,Gaurav Mishra_91,gaurav.mishra_91@gmail.com,Kolkata,WB,25-02-2021
92,Arjun Thakur_92,arjun.thakur_92@gmail.com,Delhi,DL,12-07-2022
93,Vikas Banerjee_93,vikas.banerjee_93@gmail.com,Kolkata,WB,07-01-2021
94,Dinesh Goenka_94,dinesh.goenka_94@gmail.com,Chennai,TN,21-06-2021
95,Deepak Verma_95,deepak.verma_95@gmail.com,Kolkata,WB,10-10-2023
96,Karan Ghosh_96,karan.ghosh_96@gmail.com,Bangalore,KA,12-06-2022
97,Sanjay Rana_97,sanjay.rana_97@gmail.com,Pune,MH,09-02-2021
98,Arjun Tiwari_98,arjun.tiwari_98@gmail.com,Hyderabad,TS,22-05-2022
99,Arjun Chaudhary_99,arjun.chaudhary_99@gmail.com,Kolkata,WB,12-08-2022
100,Varun Saxena_100,varun.saxena_100@gmail.com,Kolkata,WB,27-06-2021
101,Pankaj Mehta_101,pankaj.mehta_101@gmail.com,Pune,MH,19-05-2023
102,Gaurav Goenka_102,gaurav.goenka_102@gmail.com,Kolkata,WB,25-01-2022
103,Ankit Arora_103,ankit.arora_103@gmail.com,Chennai,TN,07-12-2024
104,Vikas Mittal_104,vikas.mittal_104@gmail.com,Kolkata,WB,27-10-2022
105,Deepak Iyer_105,deepak.iyer_105@gmail.com,Mumbai,MH,29-05-2024
106,Rajat Deshpande_106,rajat.deshpande_106@gmail.com,Pune,MH,05-07-2022
107,Saurabh Thakur_107,saurabh.thakur_107@gmail.com,Chennai,TN,10-12-2021
108,Pankaj Goyal_108,pankaj.goyal_108@gmail.com,Pune,MH,31-07-2022
109,Rakesh More_109,rakesh.more_109@gmail.com,Hyderabad,TS,29-02-2024
110,Vikas Bansal_110,vikas.bansal_110@gmail.com,Chennai,TN,01-06-2022
111,Rahul Rana_111,rahul.rana_111@gmail.com,Bangalore,KA,08-10-2024
112,Vinod Sawant_112,vinod.sawant_112@gmail.com,Bangalore,KA,15-03-2021
113,Varun Kulkarni_113,varun.kulkarni_113@gmail.com,Pune,MH,13-05-2024
114,Shubham Kumar_114,shubham.kumar_114@gmail.com,Mumbai,MH,11-08-2023
115,Mohit Bansal_115,mohit.bansal_115@gmail.com,Pune,MH,25-01-2023
116,Naresh Kapoor_116,naresh.kapoor_116@gmail.com,Hyderabad,TS,29-03-2023
117,Vinod Pandey_117,vinod.pandey_117@gmail.com,Bangalore,KA,23-12-2022
118,Vikas Kulkarni_118,vikas.kulkarni_118@gmail.com,Bangalore,KA,10-03-2022
119,Anurag Bansal_119,anurag.bansal_119@gmail.com,Hyderabad,TS,08-03-2022
120,Siddharth Naidu_120,siddharth.naidu_120@gmail.com,Kolkata,WB,29-12-2021
121,Manoj Sawant_121,manoj.sawant_121@gmail.com,Hyderabad,TS,22-04-2021
122,Aditya Thakur_122,aditya.thakur_122@gmail.com,Delhi,DL,23-01-2023
123,Ravi Bansal_123,ravi.bansal_123@gmail.com,Delhi,DL,09-02-2023
124,Karan Mittal_124,karan.mittal_124@gmail.com,Pune,MH,01-10-2024
125,Sunil Tiwari_125,sunil.tiwari_125@gmail.com,Mumbai,MH,18-08-2024
126,Gaurav Kapoor_126,gaurav.kapoor_126@gmail.com,Hyderabad,TS,03-05-2022
127,Siddharth Saxena_127,siddharth.saxena_127@gmail.com,Mumbai,MH,18-02-2021
128,Mohit Goyal_128,mohit.goyal_128@gmail.com,Delhi,DL,16-12-2022
129,Karan Jain_129,karan.jain_129@gmail.com,Chennai,TN,13-10-2024
130,Vikas _130,vikas._130@gmail.com,Delhi,DL,22-08-2024
131,Pankaj Mehta_131,pankaj.mehta_131@gmail.com,Kolkata,WB,25-10-2022
132,Pankaj Reddy_132,pankaj.reddy_132@gmail.com,Delhi,DL,19-10-2023
133,Vinod Chowdhury_133,vinod.chowdhury_133@gmail.com,Chennai,TN,21-06-2022
134,Rajat Naidu_134,rajat.naidu_134@gmail.com,Hyderabad,TS,03-09-2023
135,Aakash Rao_135,aakash.rao_135@gmail.com,Chennai,TN,06-11-2021
136,Pankaj Sawant_136,pankaj.sawant_136@gmail.com,Delhi,DL,09-12-2021
137,Naveen Khanna_137,naveen.khanna_137@gmail.com,Kolkata,WB,18-04-2022
138,Anurag Sen_138,anurag.sen_138@gmail.com,Chennai,TN,23-08-2024
139,Aakash Chopra_139,aakash.chopra_139@gmail.com,Pune,MH,17-03-2022
140,Tarun Bhardwaj_140,tarun.bhardwaj_140@gmail.com,Chennai,TN,11-06-2022
141,Abhishek Rao_141,abhishek.rao_141@gmail.com,Chennai,TN,22-12-2023
142,Naveen Yadav_142,naveen.yadav_142@gmail.com,Mumbai,MH,01-01-2024
143,Aakash Thakur_143,aakash.thakur_143@gmail.com,Kolkata,WB,02-09-2022
144,Siddharth _144,siddharth._144@gmail.com,Mumbai,MH,06-08-2021
145,Vikas Thakur_145,vikas.thakur_145@gmail.com,Hyderabad,TS,28-08-2021
146,Deepak Rastogi_146,deepak.rastogi_146@gmail.com,Hyderabad,TS,01-06-2022
147,Naresh Jain_147,naresh.jain_147@gmail.com,Chennai,TN,31-12-2024
148,Varun Das_148,varun.das_148@gmail.com,Chennai,TN,08-02-2021
149,Arjun Patel_149,arjun.patel_149@gmail.com,Delhi,DL,30-10-2024
150,Rajat Kumar_150,rajat.kumar_150@gmail.com,Mumbai,MH,30-12-2022
151,Ajay Patel_151,ajay.patel_151@gmail.com,Hyderabad,TS,03-02-2022
152,Sachin Shukla_152,sachin.shukla_152@gmail.com,Hyderabad,TS,09-07-2024
153,Kapil Reddy_153,kapil.reddy_153@gmail.com,Pune,MH,14-09-2024
154,Shubham Ghosh_154,shubham.ghosh_154@gmail.com,Delhi,DL,22-04-2022
155,Sanjay Goyal_155,sanjay.goyal_155@gmail.com,Bangalore,KA,08-12-2023
156,Shubham Naik_156,shubham.naik_156@gmail.com,Pune,MH,21-03-2021
157,Aakash Rao_157,aakash.rao_157@gmail.com,Mumbai,MH,17-12-2023
158,ayush Das_158,ayush.das_158@gmail.com,Kolkata,WB,07-05-2022
159,Vivek Kumar_159,vivek.kumar_159@gmail.com,Chennai,TN,23-07-2023
160,Sanjay Rana_160,sanjay.rana_160@gmail.com,Delhi,DL,21-12-2021
161,Aakash Shetty_161,aakash.shetty_161@gmail.com,Chennai,TN,19-01-2023
162,Naresh Sawant_162,naresh.sawant_162@gmail.com,Pune,MH,23-05-2023
163,Sameer More_163,sameer.more_163@gmail.com,Delhi,DL,04-10-2024
164,Abhishek Tripathi_164,abhishek.tripathi_164@gmail.com,Mumbai,MH,13-08-2021
165,Hemant Iyer_165,hemant.iyer_165@gmail.com,Bangalore,KA,16-07-2023
166,Rajat Yadav_166,rajat.yadav_166@gmail.com,Hyderabad,TS,11-06-2022
167,Vikas Shukla_167,vikas.shukla_167@gmail.com,Mumbai,MH,03-12-2022
168,Rahul Mishra_168,rahul.mishra_168@gmail.com,Kolkata,WB,18-07-2021
169,ayush Shetty_169,ayush.shetty_169@gmail.com,Delhi,DL,11-05-2022
170,Pankaj Mittal_170,pankaj.mittal_170@gmail.com,Kolkata,WB,12-01-2021
171,Ashish Singh_171,ashish.singh_171@gmail.com,Delhi,DL,15-12-2021
172,Karan Gupta_172,karan.gupta_172@gmail.com,Pune,MH,08-04-2023
173,Tarun Banerjee_173,tarun.banerjee_173@gmail.com,Pune,MH,24-08-2022
174,Manoj Sawant_174,manoj.sawant_174@gmail.com,Mumbai,MH,19-04-2024
175,Nitin Pandey_175,nitin.pandey_175@gmail.com,Mumbai,MH,24-11-2024
176,Alok Rao_176,alok.rao_176@gmail.com,Hyderabad,TS,21-08-2022
177,Karan Verma_177,karan.verma_177@gmail.com,Mumbai,MH,27-09-2022
178,Mahesh Shukla_178,mahesh.shukla_178@gmail.com,Mumbai,MH,07-11-2022
179,Anurag Mehta_179,anurag.mehta_179@gmail.com,Chennai,TN,21-08-2021
180,Sanjay Bansal_180,sanjay.bansal_180@gmail.com,Mumbai,MH,06-08-2023
181,Ravi Naidu_181,ravi.naidu_181@gmail.com,Bangalore,KA,04-08-2023
182,Ajay _182,ajay._182@gmail.com,Bangalore,KA,22-09-2022
183,Mohit Naik_183,mohit.naik_183@gmail.com,Kolkata,WB,08-10-2024
184,Karan _184,karan._184@gmail.com,Hyderabad,TS,27-12-2024
185,Vivek Goyal_185,vivek.goyal_185@gmail.com,Pune,MH,24-10-2023
186,Aakash Mishra_186,aakash.mishra_186@gmail.com,Delhi,DL,01-12-2021
187,Aditya Patel_187,aditya.patel_187@gmail.com,Hyderabad,TS,20-04-2022
188,Vinod Kumar_188,vinod.kumar_188@gmail.com,Delhi,DL,09-12-2021
189,Dinesh Bose_189,dinesh.bose_189@gmail.com,Hyderabad,TS,14-06-2022
190,Kunal Kulkarni_190,kunal.kulkarni_190@gmail.com,Bangalore,KA,02-06-2023
191,Rohit Kulkarni_191,rohit.kulkarni_191@gmail.com,Bangalore,KA,21-11-2021
192,Varun Deshpande_192,varun.deshpande_192@gmail.com,Delhi,DL,21-02-2023
193,Naveen Pandey_193,naveen.pandey_193@gmail.com,Kolkata,WB,19-03-2021
194,Mohit Chowdhury_194,mohit.chowdhury_194@gmail.com,Chennai,TN,07-11-2023
195,Alok Chopra_195,alok.chopra_195@gmail.com,Delhi,DL,06-05-2024
196,Rajiv Malhotra_196,rajiv.malhotra_196@gmail.com,Bangalore,KA,13-10-2023
197,Naresh Deshpande_197,naresh.deshpande_197@gmail.com,Chennai,TN,24-02-2022
198,Rajat Shukla_198,rajat.shukla_198@gmail.com,Delhi,DL,26-05-2021
199,Kunal Naidu_199,kunal.naidu_199@gmail.com,Mumbai,MH,26-06-2023
200,Naresh Chaudhary_200,naresh.chaudhary_200@gmail.com,Delhi,DL,03-08-2022
201,Ajay Bose_201,ajay.bose_201@gmail.com,Pune,MH,17-01-2024
202,Gaurav Saxena_202,gaurav.saxena_202@gmail.com,Chennai,TN,06-09-2023
203,Ashish Mehta_203,ashish.mehta_203@gmail.com,Hyderabad,TS,20-09-2021
204,Pradeep Shetty_204,pradeep.shetty_204@gmail.com,Pune,MH,10-09-2021
205,Saurabh Bose_205,saurabh.bose_205@gmail.com,Bangalore,KA,26-02-2022
206,Vikas Yadav_206,vikas.yadav_206@gmail.com,Mumbai,MH,06-12-2022
207,Arjun _207,arjun._207@gmail.com,Delhi,DL,07-10-2023
208,Pankaj Iyer_208,pankaj.iyer_208@gmail.com,Bangalore,KA,17-04-2022
209,Ajay Sawant_209,ajay.sawant_209@gmail.com,Chennai,TN,06-10-2024
210,Abhishek Rao_210,abhishek.rao_210@gmail.com,Delhi,DL,11-11-2022
211,Suresh Iyer_211,suresh.iyer_211@gmail.com,Kolkata,WB,05-08-2024
212,Rajat Reddy_212,rajat.reddy_212@gmail.com,Kolkata,WB,14-10-2023
213,Aditya More_213,aditya.more_213@gmail.com,Pune,MH,03-10-2024
214,Hemant Tripathi_214,hemant.tripathi_214@gmail.com,Delhi,DL,19-04-2024
215,Aditya _215,aditya._215@gmail.com,Chennai,TN,09-07-2023
216,Aakash Khanna_216,aakash.khanna_216@gmail.com,Hyderabad,TS,30-04-2024
217,Mahesh Bose_217,mahesh.bose_217@gmail.com,Kolkata,WB,08-08-2021
218,Mohit Goenka_218,mohit.goenka_218@gmail.com,Mumbai,MH,14-05-2021
219,Siddharth Tripathi_219,siddharth.tripathi_219@gmail.com,Pune,MH,06-08-2021
220,Manoj Mukherjee_220,manoj.mukherjee_220@gmail.com,Bangalore,KA,21-04-2023
221,Aman Jain_221,aman.jain_221@gmail.com,Delhi,DL,21-09-2024
222,Sanjay Bhardwaj_222,sanjay.bhardwaj_222@gmail.com,Kolkata,WB,01-02-2023
223,Rajat Bose_223,rajat.bose_223@gmail.com,Pune,MH,31-01-2024
224,Mahesh Saxena_224,mahesh.saxena_224@gmail.com,Kolkata,WB,12-09-2023
225,Ajay More_225,ajay.more_225@gmail.com,Delhi,DL,19-07-2022
226,Naveen Patel_226,naveen.patel_226@gmail.com,Pune,MH,07-08-2024
227,Arjun Shetty_227,arjun.shetty_227@gmail.com,Kolkata,WB,30-10-2024
228,Ankit Bhardwaj_228,ankit.bhardwaj_228@gmail.com,Delhi,DL,03-01-2022
229,Sachin More_229,sachin.more_229@gmail.com,Pune,MH,12-09-2022
230,Varun Bansal_230,varun.bansal_230@gmail.com,Pune,MH,20-12-2022
231,Hemant Tripathi_231,hemant.tripathi_231@gmail.com,Bangalore,KA,02-10-2022
232,Ajay Bansal_232,ajay.bansal_232@gmail.com,Chennai,TN,03-05-2021
233,Rohit Naidu_233,rohit.naidu_233@gmail.com,Pune,MH,30-11-2021
234,Aditya Gupta_234,aditya.gupta_234@gmail.com,Pune,MH,13-09-2023
235,Nitin Rastogi_235,nitin.rastogi_235@gmail.com,Mumbai,MH,08-06-2021
236,Arjun Bose_236,arjun.bose_236@gmail.com,Hyderabad,TS,04-10-2023
237,Shubham Mittal_237,shubham.mittal_237@gmail.com,Delhi,DL,24-07-2023
238,Pankaj Mishra_238,pankaj.mishra_238@gmail.com,Delhi,DL,02-08-2023
239,Rohit Sawant_239,rohit.sawant_239@gmail.com,Mumbai,MH,06-01-2022
240,Rohit Chowdhury_240,rohit.chowdhury_240@gmail.com,Pune,MH,11-04-2022
241,Vivek Chaudhary_241,vivek.chaudhary_241@gmail.com,Mumbai,MH,07-08-2022
242,Aakash Sawant_242,aakash.sawant_242@gmail.com,Pune,MH,10-08-2023
243,Mohit Singh_243,mohit.singh_243@gmail.com,Hyderabad,TS,06-02-2023
244,Sameer Malhotra_244,sameer.malhotra_244@gmail.com,Hyderabad,TS,05-12-2022
245,Ajay Agarwal_245,ajay.agarwal_245@gmail.com,Delhi,DL,23-07-2022
246,Anurag Mukherjee_246,anurag.mukherjee_246@gmail.com,Mumbai,MH,03-01-2021
247,Mukesh Naik_247,mukesh.naik_247@gmail.com,Mumbai,MH,19-07-2024
248,Deepak Shetty_248,deepak.shetty_248@gmail.com,Chennai,TN,04-07-2024
249,Hemant Mukherjee_249,hemant.mukherjee_249@gmail.com,Mumbai,MH,11-12-2022
250,Sameer Mukherjee_250,sameer.mukherjee_250@gmail.com,Bangalore,KA,02-10-2022
251,Karan Mittal_251,karan.mittal_251@gmail.com,Delhi,DL,29-12-2024
252,ayush Kapoor_252,ayush.kapoor_252@gmail.com,Pune,MH,16-03-2024
253,Kapil Khanna_253,kapil.khanna_253@gmail.com,Kolkata,WB,19-02-2023
254,Karan Banerjee_254,karan.banerjee_254@gmail.com,Bangalore,KA,26-03-2022
255,Arjun Naidu_255,arjun.naidu_255@gmail.com,Mumbai,MH,06-10-2024
256,Abhishek Mehta_256,abhishek.mehta_256@gmail.com,Delhi,DL,11-03-2023
257,Varun Shetty_257,varun.shetty_257@gmail.com,Kolkata,WB,29-01-2022
258,Karan Kulkarni_258,karan.kulkarni_258@gmail.com,Hyderabad,TS,14-02-2022
259,Sunil Kapoor_259,sunil.kapoor_259@gmail.com,Pune,MH,04-10-2023
260,Vikas Jain_260,vikas.jain_260@gmail.com,Mumbai,MH,11-07-2024
261,Ankit Shukla_261,ankit.shukla_261@gmail.com,Delhi,DL,16-08-2024
262,Ashish More_262,ashish.more_262@gmail.com,Chennai,TN,08-11-2024
263,Karan Goyal_263,karan.goyal_263@gmail.com,Hyderabad,TS,08-03-2021
264,Vinod Naidu_264,vinod.naidu_264@gmail.com,Hyderabad,TS,10-05-2024
265,Suresh Tiwari_265,suresh.tiwari_265@gmail.com,Hyderabad,TS,23-02-2024
266,Ashish Sen_266,ashish.sen_266@gmail.com,Mumbai,MH,03-01-2024
267,Aakash Mishra_267,aakash.mishra_267@gmail.com,Mumbai,MH,15-12-2022
268,Manoj Bhardwaj_268,manoj.bhardwaj_268@gmail.com,Hyderabad,TS,17-07-2021
269,Kapil Rastogi_269,kapil.rastogi_269@gmail.com,Kolkata,WB,28-07-2021
270,Rakesh Ghosh_270,rakesh.ghosh_270@gmail.com,Mumbai,MH,22-07-2023
271,Yogesh Chopra_271,yogesh.chopra_271@gmail.com,Delhi,DL,11-10-2021
272,Sachin Mehta_272,sachin.mehta_272@gmail.com,Bangalore,KA,27-09-2024
273,Naveen Naik_273,naveen.naik_273@gmail.com,Hyderabad,TS,22-06-2022
274,Pradeep Rana_274,pradeep.rana_274@gmail.com,Delhi,DL,30-04-2022
275,Vikas Iyer_275,vikas.iyer_275@gmail.com,Kolkata,WB,03-12-2021
276,Pankaj Bansal_276,pankaj.bansal_276@gmail.com,Delhi,DL,21-11-2022
277,ayush Khanna_277,ayush.khanna_277@gmail.com,Chennai,TN,15-07-2024
278,Shubham Kapoor_278,shubham.kapoor_278@gmail.com,Kolkata,WB,27-12-2021
279,Manish Iyer_279,manish.iyer_279@gmail.com,Kolkata,WB,01-04-2021
280,Tarun Ghosh_280,tarun.ghosh_280@gmail.com,Mumbai,MH,02-01-2024
281,Ravi Sen_281,ravi.sen_281@gmail.com,Kolkata,WB,26-06-2023
282,Rohit Kulkarni_282,rohit.kulkarni_282@gmail.com,Mumbai,MH,09-03-2021
283,Manoj Thakur_283,manoj.thakur_283@gmail.com,Delhi,DL,10-04-2023
284,Sunil Tiwari_284,sunil.tiwari_284@gmail.com,Hyderabad,TS,12-03-2021
285,Alok Kapoor_285,alok.kapoor_285@gmail.com,Mumbai,MH,27-05-2022
286,Harish Thakur_286,harish.thakur_286@gmail.com,Kolkata,WB,08-12-2023
287,Harish Pandey_287,harish.pandey_287@gmail.com,Chennai,TN,07-10-2024
288,ayush Sen_288,ayush.sen_288@gmail.com,Bangalore,KA,13-07-2023
289,Aakash Malhotra_289,aakash.malhotra_289@gmail.com,Kolkata,WB,03-09-2021
290,Aditya Chowdhury_290,aditya.chowdhury_290@gmail.com,Chennai,TN,22-03-2022
291,Anurag Saxena_291,anurag.saxena_291@gmail.com,Kolkata,WB,28-11-2022
292,Tarun Deshpande_292,tarun.deshpande_292@gmail.com,Mumbai,MH,03-10-2021
293,Naveen Singh_293,naveen.singh_293@gmail.com,Bangalore,KA,11-01-2023
294,Harish Yadav_294,harish.yadav_294@gmail.com,Mumbai,MH,06-03-2023
295,Deepak Rao_295,deepak.rao_295@gmail.com,Delhi,DL,19-11-2021
296,Vivek Iyer_296,vivek.iyer_296@gmail.com,Kolkata,WB,19-12-2024
297,Rakesh Bansal_297,rakesh.bansal_297@gmail.com,Bangalore,KA,11-03-2022
298,Manish Malhotra_298,manish.malhotra_298@gmail.com,Hyderabad,TS,15-10-2021
299,Pankaj Naidu_299,pankaj.naidu_299@gmail.com,Mumbai,MH,03-09-2024
300,Gaurav Goenka_300,gaurav.goenka_300@gmail.com,Mumbai,MH,28-01-2022
301,Ankit Iyer_301,ankit.iyer_301@gmail.com,Hyderabad,TS,22-06-2022
302,Anurag Naidu_302,anurag.naidu_302@gmail.com,Bangalore,KA,11-03-2024
303,Mahesh Tiwari_303,mahesh.tiwari_303@gmail.com,Pune,MH,27-10-2023
304,Dinesh Saxena_304,dinesh.saxena_304@gmail.com,Mumbai,MH,19-05-2024
305,ayush Chaudhary_305,ayush.chaudhary_305@gmail.com,Kolkata,WB,11-06-2021
306,Suresh Ghosh_306,suresh.ghosh_306@gmail.com,Hyderabad,TS,22-05-2024
307,Ravi Joshi_307,ravi.joshi_307@gmail.com,Mumbai,MH,29-10-2022
308,Suresh Khanna_308,suresh.khanna_308@gmail.com,Pune,MH,27-07-2022
309,Abhishek Reddy_309,abhishek.reddy_309@gmail.com,Bangalore,KA,24-03-2023
310,Shubham Mehta_310,shubham.mehta_310@gmail.com,Bangalore,KA,11-06-2023
311,Suresh Iyer_311,suresh.iyer_311@gmail.com,Chennai,TN,11-08-2023
312,Naresh Chopra_312,naresh.chopra_312@gmail.com,Mumbai,MH,07-09-2024
313,Pradeep More_313,pradeep.more_313@gmail.com,Kolkata,WB,10-01-2023
314,Sanjay Goyal_314,sanjay.goyal_314@gmail.com,Chennai,TN,30-12-2024
315,Mukesh Gupta_315,mukesh.gupta_315@gmail.com,Pune,MH,28-04-2022
316,Mahesh Shukla_316,mahesh.shukla_316@gmail.com,Pune,MH,08-03-2022
317,Abhishek Chowdhury_317,abhishek.chowdhury_317@gmail.com,Pune,MH,29-08-2023
318,Shubham Khanna_318,shubham.khanna_318@gmail.com,Kolkata,WB,21-12-2021
319,Naresh Mittal_319,naresh.mittal_319@gmail.com,Pune,MH,13-07-2021
320,Rakesh Thakur_320,rakesh.thakur_320@gmail.com,Bangalore,KA,25-10-2023
321,Sachin Kumar_321,sachin.kumar_321@gmail.com,Pune,MH,09-03-2022
322,Anurag More_322,anurag.more_322@gmail.com,Hyderabad,TS,14-01-2024
323,Rajat Malhotra_323,rajat.malhotra_323@gmail.com,Pune,MH,04-05-2024
324,Shubham Patel_324,shubham.patel_324@gmail.com,Pune,MH,23-09-2023
325,Karan Singh_325,karan.singh_325@gmail.com,Chennai,TN,29-05-2021
326,Naveen Chowdhury_326,naveen.chowdhury_326@gmail.com,Delhi,DL,25-11-2022
327,Aakash Tiwari_327,aakash.tiwari_327@gmail.com,Pune,MH,02-05-2022
328,ayush Pandey_328,ayush.pandey_328@gmail.com,Hyderabad,TS,24-02-2023
329,Yogesh Agarwal_329,yogesh.agarwal_329@gmail.com,Pune,MH,17-10-2022
330,Rohit Rastogi_330,rohit.rastogi_330@gmail.com,Mumbai,MH,26-02-2022
331,Aakash More_331,aakash.more_331@gmail.com,Kolkata,WB,25-04-2022
332,Tarun Naik_332,tarun.naik_332@gmail.com,Pune,MH,26-03-2024
333,Vinod Bhardwaj_333,vinod.bhardwaj_333@gmail.com,Pune,MH,18-07-2021
334,Rakesh Arora_334,rakesh.arora_334@gmail.com,Bangalore,KA,10-09-2024
335,Hemant Das_335,hemant.das_335@gmail.com,Pune,MH,23-06-2024
336,Sachin Kapoor_336,sachin.kapoor_336@gmail.com,Kolkata,WB,08-08-2023
337,Deepak Kulkarni_337,deepak.kulkarni_337@gmail.com,Delhi,DL,14-01-2023
338,Dinesh Mukherjee_338,dinesh.mukherjee_338@gmail.com,Bangalore,KA,26-02-2022
339,Nitin Jain_339,nitin.jain_339@gmail.com,Mumbai,MH,24-08-2024
340,Naresh Sen_340,naresh.sen_340@gmail.com,Chennai,TN,02-12-2022
341,Mahesh Thakur_341,mahesh.thakur_341@gmail.com,Bangalore,KA,10-08-2022
342,Tarun Rana_342,tarun.rana_342@gmail.com,Chennai,TN,17-02-2022
343,Alok Rao_343,alok.rao_343@gmail.com,Delhi,DL,12-10-2022
344,Ravi _344,ravi._344@gmail.com,Bangalore,KA,24-08-2024
345,Nitin Bhardwaj_345,nitin.bhardwaj_345@gmail.com,Hyderabad,TS,31-10-2021
346,Mahesh Goyal_346,mahesh.goyal_346@gmail.com,Kolkata,WB,21-08-2023
347,Deepak Shukla_347,deepak.shukla_347@gmail.com,Chennai,TN,27-02-2023
348,Sameer Das_348,sameer.das_348@gmail.com,Hyderabad,TS,28-04-2021
349,Rajiv Dubey_349,rajiv.dubey_349@gmail.com,Kolkata,WB,11-08-2023
350,Karan Das_350,karan.das_350@gmail.com,Chennai,TN,30-03-2022
351,Sameer Goyal_351,sameer.goyal_351@gmail.com,Delhi,DL,17-11-2023
352,Abhishek _352,abhishek._352@gmail.com,Delhi,DL,29-11-2021
353,Naveen Kulkarni_353,naveen.kulkarni_353@gmail.com,Kolkata,WB,26-02-2021
354,Aakash Rao_354,aakash.rao_354@gmail.com,Pune,MH,13-12-2024
355,Sanjay Bhardwaj_355,sanjay.bhardwaj_355@gmail.com,Hyderabad,TS,08-04-2021
356,Aman Bose_356,aman.bose_356@gmail.com,Kolkata,WB,13-03-2023
357,Rajat Mehta_357,rajat.mehta_357@gmail.com,Delhi,DL,24-01-2021
358, Khanna_358,.khanna_358@gmail.com,Delhi,DL,18-12-2022
359,Varun Das_359,varun.das_359@gmail.com,Chennai,TN,21-04-2024
360,Ankit Chopra_360,ankit.chopra_360@gmail.com,Mumbai,MH,08-02-2024
361,Mahesh Goenka_361,mahesh.goenka_361@gmail.com,Bangalore,KA,06-02-2022
362,Aakash Goenka_362,aakash.goenka_362@gmail.com,Pune,MH,06-04-2022
363,Arjun Mishra_363,arjun.mishra_363@gmail.com,Bangalore,KA,22-03-2022
364,Vivek Deshpande_364,vivek.deshpande_364@gmail.com,Delhi,DL,14-06-2023
365,Karan Verma_365,karan.verma_365@gmail.com,Hyderabad,TS,07-10-2024
366,Anurag Yadav_366,anurag.yadav_366@gmail.com,Pune,MH,22-09-2023
367,Ajay Gupta_367,ajay.gupta_367@gmail.com,Bangalore,KA,04-02-2023
368,Siddharth Rao_368,siddharth.rao_368@gmail.com,Pune,MH,23-02-2022
369,Rajiv Bansal_369,rajiv.bansal_369@gmail.com,Kolkata,WB,31-03-2022
370,Pradeep Bansal_370,pradeep.bansal_370@gmail.com,Mumbai,MH,11-02-2023
371,Saurabh Kumar_371,saurabh.kumar_371@gmail.com,Mumbai,MH,18-09-2023
372,Hemant Deshpande_372,hemant.deshpande_372@gmail.com,Delhi,DL,24-01-2021
373,Siddharth Mehta_373,siddharth.mehta_373@gmail.com,Chennai,TN,03-02-2021
374,Nitin Mishra_374,nitin.mishra_374@gmail.com,Chennai,TN,23-08-2021
375,Aman Pandey_375,aman.pandey_375@gmail.com,Hyderabad,TS,31-10-2023
376,Abhishek Arora_376,abhishek.arora_376@gmail.com,Mumbai,MH,12-02-2021
377,Suresh Goyal_377,suresh.goyal_377@gmail.com,Pune,MH,28-08-2022
378,Naveen Pandey_378,naveen.pandey_378@gmail.com,Kolkata,WB,10-03-2023
379,Kunal Mittal_379,kunal.mittal_379@gmail.com,Pune,MH,16-06-2024
380,Hemant Singh_380,hemant.singh_380@gmail.com,Mumbai,MH,10-06-2022
381,Mohit Sen_381,mohit.sen_381@gmail.com,Hyderabad,TS,27-04-2022
382,Pankaj More_382,pankaj.more_382@gmail.com,Hyderabad,TS,22-05-2023
383,Aakash Chowdhury_383,aakash.chowdhury_383@gmail.com,Bangalore,KA,29-09-2022
384,Vikas Gupta_384,vikas.gupta_384@gmail.com,Hyderabad,TS,16-11-2021
385,Naresh Verma_385,naresh.verma_385@gmail.com,Kolkata,WB,03-12-2023
386,ayush Singh_386,ayush.singh_386@gmail.com,Pune,MH,31-12-2022
387,Harish Sen_387,harish.sen_387@gmail.com,Hyderabad,TS,10-11-2024
388,Abhishek Pandey_388,abhishek.pandey_388@gmail.com,Pune,MH,04-01-2023
389,Manoj Iyer_389,manoj.iyer_389@gmail.com,Bangalore,KA,26-12-2022
390,Ravi Rao_390,ravi.rao_390@gmail.com,Kolkata,WB,23-09-2024
391,Dinesh _391,dinesh._391@gmail.com,Pune,MH,14-01-2021
392,Arjun Mehta_392,arjun.mehta_392@gmail.com,Mumbai,MH,09-05-2022
393,Gaurav Agarwal_393,gaurav.agarwal_393@gmail.com,Kolkata,WB,27-02-2022
394,Yogesh Pandey_394,yogesh.pandey_394@gmail.com,Chennai,TN,19-08-2023
395,Saurabh Saxena_395,saurabh.saxena_395@gmail.com,Hyderabad,TS,10-11-2021
396,Tarun Rastogi_396,tarun.rastogi_396@gmail.com,Chennai,TN,06-12-2021
397,Tarun Gupta_397,tarun.gupta_397@gmail.com,Kolkata,WB,10-09-2023
398,Mukesh _398,mukesh._398@gmail.com,Pune,MH,02-03-2022
399,Aditya Sawant_399,aditya.sawant_399@gmail.com,Hyderabad,TS,31-03-2024
400,Ashish Shetty_400,ashish.shetty_400@gmail.com,Pune,MH,03-09-2022
401,Rajat Chowdhury_401,rajat.chowdhury_401@gmail.com,Mumbai,MH,14-06-2024
402,Alok Thakur_402,alok.thakur_402@gmail.com,Delhi,DL,16-06-2023
403,Vinod Rao_403,vinod.rao_403@gmail.com,Mumbai,MH,06-03-2024
404,Pradeep Pandey_404,pradeep.pandey_404@gmail.com,Hyderabad,TS,06-04-2023
405,Harish Dubey_405,harish.dubey_405@gmail.com,Chennai,TN,11-10-2023
406,Naveen Yadav_406,naveen.yadav_406@gmail.com,Pune,MH,28-05-2023
407,Sachin Mehta_407,sachin.mehta_407@gmail.com,Hyderabad,TS,24-09-2024
408,Sachin Tiwari_408,sachin.tiwari_408@gmail.com,Pune,MH,03-11-2021
409,Sunil Dwivedi_409,sunil.dwivedi_409@gmail.com,Chennai,TN,02-11-2022
410,Aditya Thakur_410,aditya.thakur_410@gmail.com,Delhi,DL,31-08-2024
411,Vivek Shukla_411,vivek.shukla_411@gmail.com,Kolkata,WB,31-08-2024
412,Sanjay Malhotra_412,sanjay.malhotra_412@gmail.com,Chennai,TN,13-01-2022
413,Mukesh Singh_413,mukesh.singh_413@gmail.com,Mumbai,MH,29-08-2023
414,Aakash Goenka_414,aakash.goenka_414@gmail.com,Mumbai,MH,25-11-2023
415,Mohit Pandey_415,mohit.pandey_415@gmail.com,Pune,MH,06-12-2022
416,Karan Reddy_416,karan.reddy_416@gmail.com,Pune,MH,10-03-2023
417,Ashish Naidu_417,ashish.naidu_417@gmail.com,Mumbai,MH,22-01-2023
418,Aman Kumar_418,aman.kumar_418@gmail.com,Hyderabad,TS,03-01-2021
419,Manoj Tripathi_419,manoj.tripathi_419@gmail.com,Mumbai,MH,17-11-2022
420,Sachin _420,sachin._420@gmail.com,Pune,MH,01-04-2022
421,Anurag Khanna_421,anurag.khanna_421@gmail.com,Pune,MH,29-01-2023
422,Sanjay _422,sanjay._422@gmail.com,Delhi,DL,06-03-2021
423,Rajiv Naidu_423,rajiv.naidu_423@gmail.com,Delhi,DL,08-04-2021
424,Rakesh Das_424,rakesh.das_424@gmail.com,Chennai,TN,05-08-2023
425,Sameer Shetty_425,sameer.shetty_425@gmail.com,Delhi,DL,01-07-2022
426,Aakash Kulkarni_426,aakash.kulkarni_426@gmail.com,Bangalore,KA,28-12-2022
427,Kunal Arora_427,kunal.arora_427@gmail.com,Delhi,DL,10-05-2021
428,Ravi _428,ravi._428@gmail.com,Hyderabad,TS,04-01-2021
429,Anurag Ghosh_429,anurag.ghosh_429@gmail.com,Kolkata,WB,10-12-2024
430,Shubham Sawant_430,shubham.sawant_430@gmail.com,Mumbai,MH,19-01-2024
431, Bhardwaj_431,.bhardwaj_431@gmail.com,Kolkata,WB,24-03-2023
432,Saurabh Iyer_432,saurabh.iyer_432@gmail.com,Hyderabad,TS,21-11-2024
433,Ravi Goyal_433,ravi.goyal_433@gmail.com,Chennai,TN,02-02-2023
434,Mohit Yadav_434,mohit.yadav_434@gmail.com,Hyderabad,TS,05-03-2021
435,Ajay Chaudhary_435,ajay.chaudhary_435@gmail.com,Hyderabad,TS,21-04-2024
436,Vivek Bansal_436,vivek.bansal_436@gmail.com,Delhi,DL,18-05-2023
437,ayush Naik_437,ayush.naik_437@gmail.com,Mumbai,MH,15-11-2024
438,Deepak Kumar_438,deepak.kumar_438@gmail.com,Mumbai,MH,14-05-2023
439,Sachin Naik_439,sachin.naik_439@gmail.com,Pune,MH,07-06-2022
440,Pradeep Rana_440,pradeep.rana_440@gmail.com,Mumbai,MH,13-07-2023
441,Vinod Sen_441,vinod.sen_441@gmail.com,Chennai,TN,29-05-2023
442,Ashish Goyal_442,ashish.goyal_442@gmail.com,Hyderabad,TS,19-08-2023
443,Nitin Shetty_443,nitin.shetty_443@gmail.com,Hyderabad,TS,14-06-2022
444,Rakesh Tiwari_444,rakesh.tiwari_444@gmail.com,Chennai,TN,10-10-2022
445,Varun Thakur_445,varun.thakur_445@gmail.com,Hyderabad,TS,26-06-2023
446,Shubham Tiwari_446,shubham.tiwari_446@gmail.com,Kolkata,WB,03-11-2021
447,Sanjay Gupta_447,sanjay.gupta_447@gmail.com,Bangalore,KA,25-10-2024
448,Saurabh Tripathi_448,saurabh.tripathi_448@gmail.com,Hyderabad,TS,21-07-2021
449,Aman Deshpande_449,aman.deshpande_449@gmail.com,Delhi,DL,21-10-2021
450,Varun Tiwari_450,varun.tiwari_450@gmail.com,Mumbai,MH,09-09-2022
451,Ankit Verma_451,ankit.verma_451@gmail.com,Delhi,DL,07-09-2024
452,Mahesh Shukla_452,mahesh.shukla_452@gmail.com,Chennai,TN,18-11-2022
453,Suresh Bansal_453,suresh.bansal_453@gmail.com,Mumbai,MH,22-02-2023
454,Karan Goenka_454,karan.goenka_454@gmail.com,Pune,MH,08-09-2022
455,Sanjay Goenka_455,sanjay.goenka_455@gmail.com,Chennai,TN,27-07-2022
456,Rajat Banerjee_456,rajat.banerjee_456@gmail.com,Hyderabad,TS,14-11-2024
457,Alok Rastogi_457,alok.rastogi_457@gmail.com,Bangalore,KA,27-10-2023
458,Rajiv Pandey_458,rajiv.pandey_458@gmail.com,Hyderabad,TS,29-04-2023
459,Naresh Deshpande_459,naresh.deshpande_459@gmail.com,Pune,MH,13-12-2024
460,Suresh Deshpande_460,suresh.deshpande_460@gmail.com,Kolkata,WB,08-11-2021
461,Dinesh Chopra_461,dinesh.chopra_461@gmail.com,Chennai,TN,13-06-2024
462,Dinesh Sen_462,dinesh.sen_462@gmail.com,Delhi,DL,06-01-2022
463,ayush Das_463,ayush.das_463@gmail.com,Chennai,TN,18-06-2024
464,Dinesh Mukherjee_464,dinesh.mukherjee_464@gmail.com,Kolkata,WB,20-03-2023
465,Mukesh _465,mukesh._465@gmail.com,Delhi,DL,19-12-2022
466,Dinesh Bose_466,dinesh.bose_466@gmail.com,Bangalore,KA,24-10-2023
467,Rakesh Rana_467,rakesh.rana_467@gmail.com,Hyderabad,TS,26-08-2024
468,Rakesh Naidu_468,rakesh.naidu_468@gmail.com,Delhi,DL,03-09-2023
469,Sachin Tripathi_469,sachin.tripathi_469@gmail.com,Mumbai,MH,02-05-2021
470,Rahul Reddy_470,rahul.reddy_470@gmail.com,Delhi,DL,20-02-2024
471,Sanjay Pandey_471,sanjay.pandey_471@gmail.com,Delhi,DL,20-05-2021
472,Arjun Malhotra_472,arjun.malhotra_472@gmail.com,Delhi,DL,11-05-2022
473,Rajiv Bansal_473,rajiv.bansal_473@gmail.com,Pune,MH,28-10-2021
474,Karan Naik_474,karan.naik_474@gmail.com,Kolkata,WB,26-03-2024
475,Naresh Iyer_475,naresh.iyer_475@gmail.com,Kolkata,WB,13-12-2023
476,Saurabh Iyer_476,saurabh.iyer_476@gmail.com,Mumbai,MH,24-09-2024
477,Kunal Sen_477,kunal.sen_477@gmail.com,Pune,MH,10-07-2024
478,Rakesh Tripathi_478,rakesh.tripathi_478@gmail.com,Kolkata,WB,10-10-2021
479,Rakesh Kulkarni_479,rakesh.kulkarni_479@gmail.com,Pune,MH,24-05-2022
480,Manoj Mukherjee_480,manoj.mukherjee_480@gmail.com,Hyderabad,TS,12-04-2022
481,Shubham Shukla_481,shubham.shukla_481@gmail.com,Hyderabad,TS,07-04-2023
482,Alok Das_482,alok.das_482@gmail.com,Hyderabad,TS,04-11-2023
483,Kapil Rana_483,kapil.rana_483@gmail.com,Mumbai,MH,27-07-2024
484,Alok Chaudhary_484,alok.chaudhary_484@gmail.com,Delhi,DL,19-12-2021
485,Vinod Rastogi_485,vinod.rastogi_485@gmail.com,Kolkata,WB,14-01-2022
486,Shubham Chaudhary_486,shubham.chaudhary_486@gmail.com,Delhi,DL,26-11-2022
487,Aakash Rastogi_487,aakash.rastogi_487@gmail.com,Delhi,DL,28-07-2024
488,Dinesh Goenka_488,dinesh.goenka_488@gmail.com,Hyderabad,TS,11-10-2022
489,Pradeep Rana_489,pradeep.rana_489@gmail.com,Chennai,TN,31-10-2023
490,Siddharth Bhardwaj_490,siddharth.bhardwaj_490@gmail.com,Kolkata,WB,25-12-2022
491,Nitin Shetty_491,nitin.shetty_491@gmail.com,Kolkata,WB,04-05-2024
492, Dubey_492,.dubey_492@gmail.com,Mumbai,MH,01-02-2021
493,Aman Mittal_493,aman.mittal_493@gmail.com,Chennai,TN,30-10-2024
494,Aman Goyal_494,aman.goyal_494@gmail.com,Kolkata,WB,20-01-2021
495,Anurag Patel_495,anurag.patel_495@gmail.com,Bangalore,KA,02-02-2024
496,Harish Jain_496,harish.jain_496@gmail.com,Mumbai,MH,17-08-2021
497,Ravi More_497,ravi.more_497@gmail.com,Hyderabad,TS,11-12-2022
498,Manish Mukherjee_498,manish.mukherjee_498@gmail.com,Bangalore,KA,14-11-2022
499,Pradeep Banerjee_499,pradeep.banerjee_499@gmail.com,Mumbai,MH,01-01-2022
500,ayush Khanna_500,ayush.khanna_500@gmail.com,Chennai,TN,11-03-2024
501,Ajay Verma_501,ajay.verma_501@gmail.com,Chennai,TN,04-03-2024
502,Tarun More_502,tarun.more_502@gmail.com,Bangalore,KA,05-12-2023
503,Siddharth Dwivedi_503,siddharth.dwivedi_503@gmail.com,Delhi,DL,30-05-2021
504,Deepak Kumar_504,deepak.kumar_504@gmail.com,Chennai,TN,27-01-2021
505,Vivek Khanna_505,vivek.khanna_505@gmail.com,Kolkata,WB,17-01-2021
506,Siddharth Chaudhary_506,siddharth.chaudhary_506@gmail.com,Bangalore,KA,24-07-2024
507, Tripathi_507,.tripathi_507@gmail.com,Hyderabad,TS,10-06-2024
508,Pradeep Mukherjee_508,pradeep.mukherjee_508@gmail.com,Chennai,TN,22-11-2024
509,Rahul Bhardwaj_509,rahul.bhardwaj_509@gmail.com,Pune,MH,02-07-2022
510,Vinod Gupta_510,vinod.gupta_510@gmail.com,Delhi,DL,02-11-2024
511,Shubham Joshi_511,shubham.joshi_511@gmail.com,Mumbai,MH,12-05-2021
512,Aakash Bhardwaj_512,aakash.bhardwaj_512@gmail.com,Chennai,TN,21-11-2024
513,Kunal Shukla_513,kunal.shukla_513@gmail.com,Kolkata,WB,25-11-2022
514,Kunal Patel_514,kunal.patel_514@gmail.com,Delhi,DL,26-11-2024
515,Rohit More_515,rohit.more_515@gmail.com,Delhi,DL,12-08-2023
516,Suresh Malhotra_516,suresh.malhotra_516@gmail.com,Delhi,DL,22-03-2022
517,Vinod Khanna_517,vinod.khanna_517@gmail.com,Bangalore,KA,16-10-2024
518,Sachin Chaudhary_518,sachin.chaudhary_518@gmail.com,Hyderabad,TS,02-10-2023
519,ayush Deshpande_519,ayush.deshpande_519@gmail.com,Kolkata,WB,04-12-2021
520,Rahul Bansal_520,rahul.bansal_520@gmail.com,Kolkata,WB,02-12-2023
521,Sameer Agarwal_521,sameer.agarwal_521@gmail.com,Pune,MH,02-09-2023
522,Mohit Kulkarni_522,mohit.kulkarni_522@gmail.com,Bangalore,KA,31-08-2023
523,Kapil Khanna_523,kapil.khanna_523@gmail.com,Hyderabad,TS,12-08-2022
524,Kapil Sen_524,kapil.sen_524@gmail.com,Bangalore,KA,16-12-2024
525, Joshi_525,.joshi_525@gmail.com,Delhi,DL,20-05-2023
526,Gaurav Singh_526,gaurav.singh_526@gmail.com,Chennai,TN,31-01-2022
527,Shubham Pandey_527,shubham.pandey_527@gmail.com,Hyderabad,TS,26-04-2022
528,Rajiv Banerjee_528,rajiv.banerjee_528@gmail.com,Delhi,DL,04-06-2021
529,Naveen _529,naveen._529@gmail.com,Chennai,TN,11-06-2023
530,Rahul Singh_530,rahul.singh_530@gmail.com,Hyderabad,TS,13-01-2021
531,Ashish Thakur_531,ashish.thakur_531@gmail.com,Bangalore,KA,30-10-2022
532,Naresh Chowdhury_532,naresh.chowdhury_532@gmail.com,Hyderabad,TS,03-11-2024
533,Gaurav Kulkarni_533,gaurav.kulkarni_533@gmail.com,Kolkata,WB,24-01-2021
534,Varun Reddy_534,varun.reddy_534@gmail.com,Bangalore,KA,05-02-2021
535,Manoj Gupta_535,manoj.gupta_535@gmail.com,Bangalore,KA,10-06-2024
536,Arjun Kapoor_536,arjun.kapoor_536@gmail.com,Bangalore,KA,24-06-2024
537,Vikas Arora_537,vikas.arora_537@gmail.com,Pune,MH,21-11-2021
538,Gaurav Kulkarni_538,gaurav.kulkarni_538@gmail.com,Delhi,DL,02-10-2022
539,Naveen Rastogi_539,naveen.rastogi_539@gmail.com,Hyderabad,TS,27-02-2022
540,Rahul Shetty_540,rahul.shetty_540@gmail.com,Kolkata,WB,26-01-2024
541,Ravi Tiwari_541,ravi.tiwari_541@gmail.com,Chennai,TN,03-11-2022
542,Rajat More_542,rajat.more_542@gmail.com,Pune,MH,20-05-2024
543,ayush Banerjee_543,ayush.banerjee_543@gmail.com,Bangalore,KA,04-05-2023
544,Abhishek Iyer_544,abhishek.iyer_544@gmail.com,Delhi,DL,19-03-2021
545,Aman Sawant_545,aman.sawant_545@gmail.com,Mumbai,MH,22-04-2021
546,Dinesh Chowdhury_546,dinesh.chowdhury_546@gmail.com,Pune,MH,27-01-2023
547,Sanjay Jain_547,sanjay.jain_547@gmail.com,Chennai,TN,18-02-2023
548,Abhishek Naidu_548,abhishek.naidu_548@gmail.com,Bangalore,KA,22-09-2022
549,Rahul Rao_549,rahul.rao_549@gmail.com,Bangalore,KA,27-07-2024
550,Mohit Gupta_550,mohit.gupta_550@gmail.com,Pune,MH,02-04-2023
551,Vinod Singh_551,vinod.singh_551@gmail.com,Kolkata,WB,25-08-2023
552,Ashish Chopra_552,ashish.chopra_552@gmail.com,Delhi,DL,25-10-2021
553,Alok Yadav_553,alok.yadav_553@gmail.com,Bangalore,KA,08-04-2024
554,Hemant Rastogi_554,hemant.rastogi_554@gmail.com,Chennai,TN,21-12-2024
555,Aman Dubey_555,aman.dubey_555@gmail.com,Chennai,TN,13-12-2022
556,Pradeep Chopra_556,pradeep.chopra_556@gmail.com,Hyderabad,TS,22-09-2023
557,Abhishek Naidu_557,abhishek.naidu_557@gmail.com,Delhi,DL,26-12-2024
558,Rohit Rana_558,rohit.rana_558@gmail.com,Hyderabad,TS,04-02-2023
559,Arjun Kapoor_559,arjun.kapoor_559@gmail.com,Chennai,TN,17-01-2021
560,Harish Dwivedi_560,harish.dwivedi_560@gmail.com,Chennai,TN,05-01-2021
561,Vinod Goenka_561,vinod.goenka_561@gmail.com,Hyderabad,TS,18-01-2022
562,Rahul Rao_562,rahul.rao_562@gmail.com,Hyderabad,TS,08-08-2021
563,Arjun Shukla_563,arjun.shukla_563@gmail.com,Pune,MH,22-12-2021
564,Alok Arora_564,alok.arora_564@gmail.com,Bangalore,KA,29-09-2021
565,Nitin Ghosh_565,nitin.ghosh_565@gmail.com,Pune,MH,12-07-2022
566,Sameer Saxena_566,sameer.saxena_566@gmail.com,Bangalore,KA,16-04-2024
567,Sameer Goyal_567,sameer.goyal_567@gmail.com,Delhi,DL,14-07-2022
568,Alok Kapoor_568,alok.kapoor_568@gmail.com,Chennai,TN,08-12-2024
569,Vikas Shukla_569,vikas.shukla_569@gmail.com,Mumbai,MH,17-07-2023
570,Pankaj Joshi_570,pankaj.joshi_570@gmail.com,Delhi,DL,19-04-2022
571,Naresh Thakur_571,naresh.thakur_571@gmail.com,Delhi,DL,14-07-2023
572,Ashish Agarwal_572,ashish.agarwal_572@gmail.com,Chennai,TN,25-11-2021
573,Mohit Sen_573,mohit.sen_573@gmail.com,Pune,MH,11-07-2023
574,Alok Goenka_574,alok.goenka_574@gmail.com,Delhi,DL,08-11-2021
575,Aakash Pandey_575,aakash.pandey_575@gmail.com,Kolkata,WB,25-02-2022
576,Mahesh Singh_576,mahesh.singh_576@gmail.com,Kolkata,WB,08-06-2023
577,Aditya Ghosh_577,aditya.ghosh_577@gmail.com,Chennai,TN,20-08-2024
578,Manoj Mukherjee_578,manoj.mukherjee_578@gmail.com,Mumbai,MH,12-08-2021
579,Rakesh Banerjee_579,rakesh.banerjee_579@gmail.com,Mumbai,MH,10-06-2022
580,Naveen Yadav_580,naveen.yadav_580@gmail.com,Mumbai,MH,25-03-2024
581,Anurag _581,anurag._581@gmail.com,Bangalore,KA,02-04-2024
582,Rakesh Chopra_582,rakesh.chopra_582@gmail.com,Delhi,DL,21-03-2024
583,Naresh _583,naresh._583@gmail.com,Chennai,TN,10-01-2021
584,ayush Mishra_584,ayush.mishra_584@gmail.com,Kolkata,WB,16-10-2021
585,Mohit Singh_585,mohit.singh_585@gmail.com,Mumbai,MH,07-08-2021
586,Rajat Yadav_586,rajat.yadav_586@gmail.com,Pune,MH,23-06-2023
587,Abhishek Gupta_587,abhishek.gupta_587@gmail.com,Hyderabad,TS,31-03-2022
588,Yogesh Rana_588,yogesh.rana_588@gmail.com,Hyderabad,TS,09-10-2022
589,Naveen Rao_589,naveen.rao_589@gmail.com,Hyderabad,TS,04-11-2022
590,Rahul _590,rahul._590@gmail.com,Kolkata,WB,20-04-2024
591,Nitin Tiwari_591,nitin.tiwari_591@gmail.com,Hyderabad,TS,03-03-2022
592,Ankit Deshpande_592,ankit.deshpande_592@gmail.com,Bangalore,KA,13-01-2021
593,Abhishek Bose_593,abhishek.bose_593@gmail.com,Chennai,TN,02-06-2022
594,Nitin Yadav_594,nitin.yadav_594@gmail.com,Hyderabad,TS,20-02-2024
595,Shubham Arora_595,shubham.arora_595@gmail.com,Pune,MH,02-12-2023
596,Anurag Tiwari_596,anurag.tiwari_596@gmail.com,Kolkata,WB,11-05-2023
597,Aakash Dwivedi_597,aakash.dwivedi_597@gmail.com,Bangalore,KA,03-02-2022
598,Kapil Mehta_598,kapil.mehta_598@gmail.com,Delhi,DL,23-02-2023
599,Vikas Malhotra_599,vikas.malhotra_599@gmail.com,Hyderabad,TS,22-12-2021
600,Vivek Das_600,vivek.das_600@gmail.com,Mumbai,MH,08-05-2022
601,Rohit Bansal_601,rohit.bansal_601@gmail.com,Kolkata,WB,24-06-2022
602,Manish Naik_602,manish.naik_602@gmail.com,Kolkata,WB,21-08-2022
603,Ajay Tripathi_603,ajay.tripathi_603@gmail.com,Bangalore,KA,24-10-2024
604,Ravi Iyer_604,ravi.iyer_604@gmail.com,Bangalore,KA,28-04-2023
605,Anurag More_605,anurag.more_605@gmail.com,Mumbai,MH,01-07-2022
606,Mohit Arora_606,mohit.arora_606@gmail.com,Bangalore,KA,04-04-2023
607,Vinod Naidu_607,vinod.naidu_607@gmail.com,Hyderabad,TS,01-03-2022
608,Harish Khanna_608,harish.khanna_608@gmail.com,Hyderabad,TS,26-04-2021
609,Nitin Singh_609,nitin.singh_609@gmail.com,Bangalore,KA,20-07-2024
610,ayush Naik_610,ayush.naik_610@gmail.com,Bangalore,KA,04-12-2021
611,Kapil Bhardwaj_611,kapil.bhardwaj_611@gmail.com,Pune,MH,04-01-2021
612,Rakesh Rao_612,rakesh.rao_612@gmail.com,Mumbai,MH,02-08-2023
613,Gaurav Bhardwaj_613,gaurav.bhardwaj_613@gmail.com,Kolkata,WB,26-07-2024
614,Naresh Shetty_614,naresh.shetty_614@gmail.com,Bangalore,KA,16-12-2023
615,Arjun Naik_615,arjun.naik_615@gmail.com,Kolkata,WB,25-02-2024
616,Pankaj Ghosh_616,pankaj.ghosh_616@gmail.com,Chennai,TN,03-09-2024
617,Gaurav Ghosh_617,gaurav.ghosh_617@gmail.com,Hyderabad,TS,05-09-2024
618,Manoj Goenka_618,manoj.goenka_618@gmail.com,Hyderabad,TS,07-09-2022
619,Pradeep Joshi_619,pradeep.joshi_619@gmail.com,Chennai,TN,24-06-2023
620, Mehta_620,.mehta_620@gmail.com,Delhi,DL,18-07-2021
621,Mukesh Singh_621,mukesh.singh_621@gmail.com,Hyderabad,TS,27-12-2022
622,Naresh Tripathi_622,naresh.tripathi_622@gmail.com,Kolkata,WB,26-07-2023
623,Shubham Pandey_623,shubham.pandey_623@gmail.com,Bangalore,KA,17-07-2023
624,Sameer Sawant_624,sameer.sawant_624@gmail.com,Hyderabad,TS,07-10-2024
625,Varun Verma_625,varun.verma_625@gmail.com,Delhi,DL,07-07-2021
626,Ravi Ghosh_626,ravi.ghosh_626@gmail.com,Hyderabad,TS,24-07-2024
627,Rajiv Dubey_627,rajiv.dubey_627@gmail.com,Chennai,TN,10-04-2021
628,Dinesh Naik_628,dinesh.naik_628@gmail.com,Hyderabad,TS,11-02-2024
629,Ravi Dwivedi_629,ravi.dwivedi_629@gmail.com,Mumbai,MH,30-08-2023
630,Naveen Arora_630,naveen.arora_630@gmail.com,Mumbai,MH,10-01-2023
631,Pradeep Mishra_631,pradeep.mishra_631@gmail.com,Kolkata,WB,18-12-2023
632,Sanjay Kumar_632,sanjay.kumar_632@gmail.com,Hyderabad,TS,14-11-2022
633,Tarun Thakur_633,tarun.thakur_633@gmail.com,Bangalore,KA,09-09-2023
634,Suresh Jain_634,suresh.jain_634@gmail.com,Chennai,TN,22-07-2022
635,Rahul Pandey_635,rahul.pandey_635@gmail.com,Bangalore,KA,03-05-2024
636,Ashish Joshi_636,ashish.joshi_636@gmail.com,Delhi,DL,22-05-2021
637,Rohit Pandey_637,rohit.pandey_637@gmail.com,Delhi,DL,13-03-2023
638,Pankaj Rastogi_638,pankaj.rastogi_638@gmail.com,Hyderabad,TS,18-06-2023
639,Suresh Pandey_639,suresh.pandey_639@gmail.com,Kolkata,WB,07-04-2021
640,Vivek Shukla_640,vivek.shukla_640@gmail.com,Delhi,DL,11-07-2022
641,Yogesh Tripathi_641,yogesh.tripathi_641@gmail.com,Pune,MH,10-10-2022
642, Gupta_642,.gupta_642@gmail.com,Pune,MH,16-03-2022
643,Kunal Reddy_643,kunal.reddy_643@gmail.com,Bangalore,KA,28-06-2023
644, Chopra_644,.chopra_644@gmail.com,Hyderabad,TS,14-08-2024
645,Deepak Chopra_645,deepak.chopra_645@gmail.com,Delhi,DL,14-11-2021
646,Rajiv Kumar_646,rajiv.kumar_646@gmail.com,Delhi,DL,26-10-2021
647,Ajay Sawant_647,ajay.sawant_647@gmail.com,Pune,MH,14-07-2022
648,Pankaj Sen_648,pankaj.sen_648@gmail.com,Delhi,DL,17-06-2022
649,Sameer Chopra_649,sameer.chopra_649@gmail.com,Hyderabad,TS,09-07-2022
650,Suresh Sen_650,suresh.sen_650@gmail.com,Mumbai,MH,21-11-2021
651,Kapil _651,kapil._651@gmail.com,Bangalore,KA,17-11-2023
652,Rakesh Yadav_652,rakesh.yadav_652@gmail.com,Pune,MH,26-05-2021
653,Gaurav Chowdhury_653,gaurav.chowdhury_653@gmail.com,Chennai,TN,24-07-2024
654,Ravi Saxena_654,ravi.saxena_654@gmail.com,Mumbai,MH,08-12-2022
655,Pankaj Verma_655,pankaj.verma_655@gmail.com,Pune,MH,28-07-2022
656,Mukesh Kumar_656,mukesh.kumar_656@gmail.com,Delhi,DL,16-08-2023
657,Anurag Goenka_657,anurag.goenka_657@gmail.com,Hyderabad,TS,08-05-2022
658,Mukesh Pandey_658,mukesh.pandey_658@gmail.com,Bangalore,KA,09-12-2022
659,Yogesh Yadav_659,yogesh.yadav_659@gmail.com,Chennai,TN,23-06-2022
660, Malhotra_660,.malhotra_660@gmail.com,Kolkata,WB,03-06-2023
661,Abhishek Banerjee_661,abhishek.banerjee_661@gmail.com,Chennai,TN,15-06-2021
662,Mukesh Dubey_662,mukesh.dubey_662@gmail.com,Delhi,DL,21-12-2021
663,Ashish Chopra_663,ashish.chopra_663@gmail.com,Chennai,TN,22-11-2021
664,Kapil Sawant_664,kapil.sawant_664@gmail.com,Mumbai,MH,29-06-2022
665,Ankit Bansal_665,ankit.bansal_665@gmail.com,Kolkata,WB,02-03-2023
666,Kapil Yadav_666,kapil.yadav_666@gmail.com,Mumbai,MH,11-02-2021
667,Varun Chaudhary_667,varun.chaudhary_667@gmail.com,Kolkata,WB,05-09-2021
668,Ravi Chowdhury_668,ravi.chowdhury_668@gmail.com,Mumbai,MH,05-08-2024
669,Mohit Tiwari_669,mohit.tiwari_669@gmail.com,Chennai,TN,18-02-2021
670,Sameer Joshi_670,sameer.joshi_670@gmail.com,Kolkata,WB,08-05-2024
671,Mohit Dwivedi_671,mohit.dwivedi_671@gmail.com,Kolkata,WB,19-08-2021
672,Tarun Naik_672,tarun.naik_672@gmail.com,Mumbai,MH,10-05-2021
673,Gaurav Tiwari_673,gaurav.tiwari_673@gmail.com,Mumbai,MH,29-08-2024
674,Naresh Dwivedi_674,naresh.dwivedi_674@gmail.com,Pune,MH,12-10-2022
675,Sachin Sawant_675,sachin.sawant_675@gmail.com,Hyderabad,TS,22-11-2024
676,Deepak Iyer_676,deepak.iyer_676@gmail.com,Mumbai,MH,05-10-2024
677,Naveen Saxena_677,naveen.saxena_677@gmail.com,Kolkata,WB,06-01-2021
678,Ankit Mukherjee_678,ankit.mukherjee_678@gmail.com,Mumbai,MH,23-11-2021
679,Kunal Sen_679,kunal.sen_679@gmail.com,Kolkata,WB,21-09-2024
680,Manoj Naidu_680,manoj.naidu_680@gmail.com,Kolkata,WB,10-10-2022
681,Naveen Ghosh_681,naveen.ghosh_681@gmail.com,Kolkata,WB,15-06-2024
682,Kapil Bhardwaj_682,kapil.bhardwaj_682@gmail.com,Kolkata,WB,25-09-2021
683,Siddharth Sen_683,siddharth.sen_683@gmail.com,Delhi,DL,03-11-2024
684,Pradeep Rao_684,pradeep.rao_684@gmail.com,Delhi,DL,03-12-2021
685,Dinesh Gupta_685,dinesh.gupta_685@gmail.com,Bangalore,KA,16-09-2023
686,Vivek Sen_686,vivek.sen_686@gmail.com,Mumbai,MH,02-04-2022
687,Deepak Mishra_687,deepak.mishra_687@gmail.com,Bangalore,KA,31-07-2023
688,Siddharth Jain_688,siddharth.jain_688@gmail.com,Kolkata,WB,07-08-2021
689,Pankaj Reddy_689,pankaj.reddy_689@gmail.com,Kolkata,WB,28-01-2021
690,Manoj Chopra_690,manoj.chopra_690@gmail.com,Bangalore,KA,28-05-2023
691,Mukesh Mittal_691,mukesh.mittal_691@gmail.com,Chennai,TN,18-12-2021
692,Ravi Mehta_692,ravi.mehta_692@gmail.com,Chennai,TN,08-08-2024
693,Tarun Gupta_693,tarun.gupta_693@gmail.com,Pune,MH,19-09-2023
694,Mahesh Rao_694,mahesh.rao_694@gmail.com,Pune,MH,23-11-2023
695,Naveen Agarwal_695,naveen.agarwal_695@gmail.com,Hyderabad,TS,02-05-2023
696,Ajay Kapoor_696,ajay.kapoor_696@gmail.com,Bangalore,KA,13-08-2024
697,Rakesh Shukla_697,rakesh.shukla_697@gmail.com,Pune,MH,03-09-2024
698,Pradeep Rana_698,pradeep.rana_698@gmail.com,Pune,MH,05-09-2022
699,Vikas Joshi_699,vikas.joshi_699@gmail.com,Delhi,DL,18-05-2024
700,Hemant Verma_700,hemant.verma_700@gmail.com,Hyderabad,TS,31-01-2021
701,Tarun Das_701,tarun.das_701@gmail.com,Mumbai,MH,06-05-2021
702,Aakash Dubey_702,aakash.dubey_702@gmail.com,Delhi,DL,07-04-2023
703,Vinod Sen_703,vinod.sen_703@gmail.com,Mumbai,MH,20-12-2022
704,Siddharth Mishra_704,siddharth.mishra_704@gmail.com,Bangalore,KA,11-02-2021
705,Karan Verma_705,karan.verma_705@gmail.com,Chennai,TN,18-09-2021
706,Rahul Malhotra_706,rahul.malhotra_706@gmail.com,Hyderabad,TS,08-09-2022
707,Pankaj Mishra_707,pankaj.mishra_707@gmail.com,Kolkata,WB,22-04-2024
708, Ghosh_708,.ghosh_708@gmail.com,Mumbai,MH,23-11-2024
709,Shubham Naik_709,shubham.naik_709@gmail.com,Chennai,TN,11-09-2022
710,Kunal Goyal_710,kunal.goyal_710@gmail.com,Mumbai,MH,29-07-2024
711,Deepak Naik_711,deepak.naik_711@gmail.com,Mumbai,MH,21-08-2021
712,Kunal Dwivedi_712,kunal.dwivedi_712@gmail.com,Bangalore,KA,19-09-2023
713,Arjun Gupta_713,arjun.gupta_713@gmail.com,Pune,MH,16-10-2021
714,Rakesh Tripathi_714,rakesh.tripathi_714@gmail.com,Delhi,DL,04-12-2022
715,Vinod Saxena_715,vinod.saxena_715@gmail.com,Mumbai,MH,13-12-2022
716,Naresh Mishra_716,naresh.mishra_716@gmail.com,Pune,MH,04-12-2022
717,Alok Das_717,alok.das_717@gmail.com,Kolkata,WB,25-08-2022
718,Mukesh Tiwari_718,mukesh.tiwari_718@gmail.com,Mumbai,MH,03-04-2024
719,Naresh Sen_719,naresh.sen_719@gmail.com,Bangalore,KA,12-08-2021
720, Sen_720,.sen_720@gmail.com,Delhi,DL,05-01-2024
721,Aakash Mittal_721,aakash.mittal_721@gmail.com,Bangalore,KA,08-07-2022
722,Sameer Kulkarni_722,sameer.kulkarni_722@gmail.com,Delhi,DL,23-04-2023
723,Abhishek Naik_723,abhishek.naik_723@gmail.com,Mumbai,MH,08-01-2024
724,Varun Saxena_724,varun.saxena_724@gmail.com,Pune,MH,17-06-2024
725,Abhishek Rastogi_725,abhishek.rastogi_725@gmail.com,Pune,MH,21-05-2024
726,Pradeep Rao_726,pradeep.rao_726@gmail.com,Hyderabad,TS,13-04-2024
727,Aakash Joshi_727,aakash.joshi_727@gmail.com,Kolkata,WB,20-02-2021
728,Naresh Kulkarni_728,naresh.kulkarni_728@gmail.com,Kolkata,WB,16-04-2023
729,Mahesh Shetty_729,mahesh.shetty_729@gmail.com,Chennai,TN,08-07-2023
730,Deepak Agarwal_730,deepak.agarwal_730@gmail.com,Delhi,DL,04-10-2022
731,Vivek Sen_731,vivek.sen_731@gmail.com,Delhi,DL,25-06-2022
732,Alok Ghosh_732,alok.ghosh_732@gmail.com,Bangalore,KA,27-11-2022
733,Dinesh Shukla_733,dinesh.shukla_733@gmail.com,Delhi,DL,29-06-2024
734,Siddharth Shetty_734,siddharth.shetty_734@gmail.com,Kolkata,WB,10-04-2023
735,Sunil Kumar_735,sunil.kumar_735@gmail.com,Kolkata,WB,06-11-2024
736,Rajat Chowdhury_736,rajat.chowdhury_736@gmail.com,Chennai,TN,04-08-2024
737,Rahul Khanna_737,rahul.khanna_737@gmail.com,Mumbai,MH,10-06-2022
738,Karan Bhardwaj_738,karan.bhardwaj_738@gmail.com,Delhi,DL,07-01-2021
739,Yogesh Sen_739,yogesh.sen_739@gmail.com,Pune,MH,25-03-2022
740,Naveen Tiwari_740,naveen.tiwari_740@gmail.com,Bangalore,KA,13-11-2023
741,Mukesh Dubey_741,mukesh.dubey_741@gmail.com,Mumbai,MH,08-12-2022
742,Karan _742,karan._742@gmail.com,Bangalore,KA,07-08-2024
743,Mohit Pandey_743,mohit.pandey_743@gmail.com,Mumbai,MH,06-08-2022
744,Deepak Pandey_744,deepak.pandey_744@gmail.com,Hyderabad,TS,15-03-2023
745,Rahul Iyer_745,rahul.iyer_745@gmail.com,Kolkata,WB,25-11-2024
746,Pradeep Shetty_746,pradeep.shetty_746@gmail.com,Kolkata,WB,16-10-2023
747,Pradeep Joshi_747,pradeep.joshi_747@gmail.com,Hyderabad,TS,23-05-2022
748,Karan Dubey_748,karan.dubey_748@gmail.com,Bangalore,KA,04-01-2023
749,Kunal Mukherjee_749,kunal.mukherjee_749@gmail.com,Hyderabad,TS,15-10-2024
750,Nitin Shetty_750,nitin.shetty_750@gmail.com,Delhi,DL,05-02-2021
751,Aditya Rastogi_751,aditya.rastogi_751@gmail.com,Kolkata,WB,12-10-2023
752,Rajat Malhotra_752,rajat.malhotra_752@gmail.com,Bangalore,KA,31-05-2021
753,Kunal Tripathi_753,kunal.tripathi_753@gmail.com,Chennai,TN,20-10-2023
754,Arjun Saxena_754,arjun.saxena_754@gmail.com,Hyderabad,TS,09-11-2022
755,Aditya Mukherjee_755,aditya.mukherjee_755@gmail.com,Delhi,DL,21-02-2023
756,ayush Yadav_756,ayush.yadav_756@gmail.com,Pune,MH,28-08-2024
757,Saurabh Naik_757,saurabh.naik_757@gmail.com,Hyderabad,TS,21-12-2023
758,Dinesh Patel_758,dinesh.patel_758@gmail.com,Mumbai,MH,17-03-2021
759,Ajay Bose_759,ajay.bose_759@gmail.com,Mumbai,MH,21-01-2021
760, Chaudhary_760,.chaudhary_760@gmail.com,Bangalore,KA,12-04-2024
761,Aakash Chowdhury_761,aakash.chowdhury_761@gmail.com,Delhi,DL,17-05-2021
762,Rohit Saxena_762,rohit.saxena_762@gmail.com,Delhi,DL,24-06-2022
763,Pradeep Saxena_763,pradeep.saxena_763@gmail.com,Bangalore,KA,02-07-2023
764,Rajat Naidu_764,rajat.naidu_764@gmail.com,Mumbai,MH,15-11-2023
765,Mukesh Naik_765,mukesh.naik_765@gmail.com,Delhi,DL,19-06-2024
766,Dinesh Sawant_766,dinesh.sawant_766@gmail.com,Pune,MH,16-12-2022
767,Naveen Sawant_767,naveen.sawant_767@gmail.com,Pune,MH,23-06-2024
768, Sawant_768,.sawant_768@gmail.com,Kolkata,WB,16-05-2023
769,Gaurav Chowdhury_769,gaurav.chowdhury_769@gmail.com,Chennai,TN,06-04-2021
770,Ajay Kulkarni_770,ajay.kulkarni_770@gmail.com,Mumbai,MH,25-03-2022
771,Ankit Agarwal_771,ankit.agarwal_771@gmail.com,Hyderabad,TS,07-10-2024
772,Naveen Chowdhury_772,naveen.chowdhury_772@gmail.com,Kolkata,WB,08-02-2024
773,Kapil Kumar_773,kapil.kumar_773@gmail.com,Mumbai,MH,20-03-2023
774,Nitin Iyer_774,nitin.iyer_774@gmail.com,Hyderabad,TS,18-01-2022
775,Ankit Patel_775,ankit.patel_775@gmail.com,Delhi,DL,05-10-2021
776,Abhishek Mukherjee_776,abhishek.mukherjee_776@gmail.com,Mumbai,MH,09-05-2022
777,Vivek _777,vivek._777@gmail.com,Kolkata,WB,22-11-2023
778,Mohit Rastogi_778,mohit.rastogi_778@gmail.com,Delhi,DL,09-09-2023
779,Mahesh Thakur_779,mahesh.thakur_779@gmail.com,Bangalore,KA,25-01-2021
780,Tarun Goenka_780,tarun.goenka_780@gmail.com,Pune,MH,27-05-2022
781,Hemant Sawant_781,hemant.sawant_781@gmail.com,Bangalore,KA,28-03-2023
782,Aman Bhardwaj_782,aman.bhardwaj_782@gmail.com,Mumbai,MH,19-04-2022
783, Naik_783,.naik_783@gmail.com,Delhi,DL,15-11-2022
784,Rajiv _784,rajiv._784@gmail.com,Pune,MH,31-03-2024
785,Anurag Singh_785,anurag.singh_785@gmail.com,Pune,MH,08-10-2023
786,Rohit Deshpande_786,rohit.deshpande_786@gmail.com,Mumbai,MH,10-04-2021
787,Tarun Pandey_787,tarun.pandey_787@gmail.com,Bangalore,KA,06-02-2024
788,Kapil Bansal_788,kapil.bansal_788@gmail.com,Delhi,DL,01-02-2024
789, Tripathi_789,.tripathi_789@gmail.com,Mumbai,MH,26-05-2024
790,Rajiv Deshpande_790,rajiv.deshpande_790@gmail.com,Bangalore,KA,27-07-2023
791,Rahul Reddy_791,rahul.reddy_791@gmail.com,Mumbai,MH,23-02-2024
792,Yogesh Yadav_792,yogesh.yadav_792@gmail.com,Chennai,TN,08-09-2023
793,Vivek More_793,vivek.more_793@gmail.com,Chennai,TN,08-08-2023
794,Harish Dwivedi_794,harish.dwivedi_794@gmail.com,Mumbai,MH,17-12-2021
795,Naresh Goenka_795,naresh.goenka_795@gmail.com,Delhi,DL,13-09-2024
796,Tarun Arora_796,tarun.arora_796@gmail.com,Kolkata,WB,07-11-2022
797,Sanjay Kulkarni_797,sanjay.kulkarni_797@gmail.com,Hyderabad,TS,13-03-2024
798,Deepak Deshpande_798,deepak.deshpande_798@gmail.com,Delhi,DL,13-11-2023
799,Rajat Joshi_799,rajat.joshi_799@gmail.com,Pune,MH,21-09-2023
800,Karan Rao_800,karan.rao_800@gmail.com,Kolkata,WB,15-09-2022
801,Aditya Mehta_801,aditya.mehta_801@gmail.com,Chennai,TN,06-05-2023
802,Ashish More_802,ashish.more_802@gmail.com,Bangalore,KA,24-11-2022
803,Sanjay Kulkarni_803,sanjay.kulkarni_803@gmail.com,Mumbai,MH,16-05-2023
804,Vikas Rastogi_804,vikas.rastogi_804@gmail.com,Kolkata,WB,25-11-2024
805,Siddharth Malhotra_805,siddharth.malhotra_805@gmail.com,Hyderabad,TS,22-12-2023
806,Aman Rana_806,aman.rana_806@gmail.com,Chennai,TN,13-10-2024
807,Ashish Bansal_807,ashish.bansal_807@gmail.com,Kolkata,WB,15-12-2022
808,Vinod Mukherjee_808,vinod.mukherjee_808@gmail.com,Bangalore,KA,27-06-2023
809,Rohit Iyer_809,rohit.iyer_809@gmail.com,Pune,MH,04-07-2024
810,Ankit Bhardwaj_810,ankit.bhardwaj_810@gmail.com,Chennai,TN,30-09-2022
811,Hemant Malhotra_811,hemant.malhotra_811@gmail.com,Kolkata,WB,08-03-2021
812,Vinod Mishra_812,vinod.mishra_812@gmail.com,Kolkata,WB,23-01-2023
813,Ravi Mishra_813,ravi.mishra_813@gmail.com,Kolkata,WB,01-01-2021
814,Rohit Agarwal_814,rohit.agarwal_814@gmail.com,Hyderabad,TS,12-07-2023
815,Sachin Banerjee_815,sachin.banerjee_815@gmail.com,Delhi,DL,08-12-2024
816,Ankit Mehta_816,ankit.mehta_816@gmail.com,Delhi,DL,12-09-2023
817,Harish Yadav_817,harish.yadav_817@gmail.com,Delhi,DL,09-05-2021
818,Alok Goyal_818,alok.goyal_818@gmail.com,Pune,MH,19-01-2023
819,ayush Arora_819,ayush.arora_819@gmail.com,Bangalore,KA,24-02-2024
820,Nitin Kulkarni_820,nitin.kulkarni_820@gmail.com,Chennai,TN,26-02-2023
821,Vinod Mukherjee_821,vinod.mukherjee_821@gmail.com,Mumbai,MH,19-10-2021
822,Manish Mishra_822,manish.mishra_822@gmail.com,Bangalore,KA,08-11-2022
823,Kunal Gupta_823,kunal.gupta_823@gmail.com,Mumbai,MH,17-02-2021
824,Naresh Rastogi_824,naresh.rastogi_824@gmail.com,Delhi,DL,08-08-2024
825,Manish Agarwal_825,manish.agarwal_825@gmail.com,Delhi,DL,25-07-2021
826,Manoj Jain_826,manoj.jain_826@gmail.com,Delhi,DL,27-09-2023
827,Sachin Shetty_827,sachin.shetty_827@gmail.com,Bangalore,KA,16-12-2023
828,Pradeep Bansal_828,pradeep.bansal_828@gmail.com,Bangalore,KA,15-04-2021
829,Mohit Tiwari_829,mohit.tiwari_829@gmail.com,Delhi,DL,16-05-2023
830, Das_830,.das_830@gmail.com,Kolkata,WB,14-03-2021
831,Vinod Shukla_831,vinod.shukla_831@gmail.com,Hyderabad,TS,02-11-2024
832,Rajiv Tiwari_832,rajiv.tiwari_832@gmail.com,Chennai,TN,13-10-2024
833,Dinesh Kapoor_833,dinesh.kapoor_833@gmail.com,Delhi,DL,22-07-2023
834,Harish Kumar_834,harish.kumar_834@gmail.com,Delhi,DL,31-10-2021
835,Aditya Kumar_835,aditya.kumar_835@gmail.com,Pune,MH,14-12-2021
836,Ajay Bose_836,ajay.bose_836@gmail.com,Chennai,TN,29-07-2024
837,ayush Bose_837,ayush.bose_837@gmail.com,Mumbai,MH,28-06-2022
838,Tarun Dwivedi_838,tarun.dwivedi_838@gmail.com,Chennai,TN,10-04-2024
839,Tarun Rana_839,tarun.rana_839@gmail.com,Bangalore,KA,26-05-2023
840,Mukesh Deshpande_840,mukesh.deshpande_840@gmail.com,Hyderabad,TS,26-11-2022
841,Karan Agarwal_841,karan.agarwal_841@gmail.com,Mumbai,MH,07-02-2024
842,Arjun Rastogi_842,arjun.rastogi_842@gmail.com,Kolkata,WB,06-05-2021
843,Siddharth Yadav_843,siddharth.yadav_843@gmail.com,Hyderabad,TS,15-10-2024
844,Rohit Tripathi_844,rohit.tripathi_844@gmail.com,Hyderabad,TS,08-09-2023
845,Harish Dwivedi_845,harish.dwivedi_845@gmail.com,Hyderabad,TS,01-11-2024
846,Mahesh Chowdhury_846,mahesh.chowdhury_846@gmail.com,Chennai,TN,10-09-2023
847,Ajay Dwivedi_847,ajay.dwivedi_847@gmail.com,Pune,MH,29-07-2022
848,Arjun Das_848,arjun.das_848@gmail.com,Pune,MH,24-02-2022
849,Shubham _849,shubham._849@gmail.com,Hyderabad,TS,10-11-2021
850,Harish Kapoor_850,harish.kapoor_850@gmail.com,Pune,MH,04-08-2023
851,Rakesh Arora_851,rakesh.arora_851@gmail.com,Mumbai,MH,31-03-2021
852,Mohit Tiwari_852,mohit.tiwari_852@gmail.com,Hyderabad,TS,04-06-2024
853,Rajat Jain_853,rajat.jain_853@gmail.com,Bangalore,KA,05-08-2024
854,Pankaj Yadav_854,pankaj.yadav_854@gmail.com,Chennai,TN,23-10-2021
855,Kunal Bansal_855,kunal.bansal_855@gmail.com,Pune,MH,18-01-2021
856,Pradeep Mittal_856,pradeep.mittal_856@gmail.com,Hyderabad,TS,21-09-2023
857,Arjun Das_857,arjun.das_857@gmail.com,Delhi,DL,23-04-2024
858,Aman Kapoor_858,aman.kapoor_858@gmail.com,Delhi,DL,05-05-2023
859,Shubham Patel_859,shubham.patel_859@gmail.com,Hyderabad,TS,23-05-2023
860,Manoj Rana_860,manoj.rana_860@gmail.com,Hyderabad,TS,21-09-2023
861,Karan _861,karan._861@gmail.com,Pune,MH,04-08-2022
862,Sameer Mehta_862,sameer.mehta_862@gmail.com,Kolkata,WB,13-09-2022
863,Aakash Verma_863,aakash.verma_863@gmail.com,Delhi,DL,22-03-2021
864,Mohit Chopra_864,mohit.chopra_864@gmail.com,Chennai,TN,07-02-2022
865,Sachin Saxena_865,sachin.saxena_865@gmail.com,Hyderabad,TS,11-06-2024
866,Mohit Bansal_866,mohit.bansal_866@gmail.com,Hyderabad,TS,26-03-2023
867,Suresh Patel_867,suresh.patel_867@gmail.com,Delhi,DL,19-03-2022
868,Kunal Agarwal_868,kunal.agarwal_868@gmail.com,Delhi,DL,29-08-2024
869,Aakash Bansal_869,aakash.bansal_869@gmail.com,Pune,MH,31-03-2022
870,Yogesh Shukla_870,yogesh.shukla_870@gmail.com,Delhi,DL,22-07-2021
871,Hemant Arora_871,hemant.arora_871@gmail.com,Kolkata,WB,10-06-2023
872,Siddharth Ghosh_872,siddharth.ghosh_872@gmail.com,Mumbai,MH,04-01-2024
873,Ashish Chaudhary_873,ashish.chaudhary_873@gmail.com,Pune,MH,08-07-2024
874,Siddharth Deshpande_874,siddharth.deshpande_874@gmail.com,Hyderabad,TS,19-07-2024
875,Karan Ghosh_875,karan.ghosh_875@gmail.com,Hyderabad,TS,29-05-2021
876,Deepak Chaudhary_876,deepak.chaudhary_876@gmail.com,Mumbai,MH,08-07-2022
877,Varun Singh_877,varun.singh_877@gmail.com,Chennai,TN,28-03-2022
878,Aditya More_878,aditya.more_878@gmail.com,Kolkata,WB,04-03-2023
879,Aman Rana_879,aman.rana_879@gmail.com,Chennai,TN,14-06-2023
880,Siddharth Das_880,siddharth.das_880@gmail.com,Chennai,TN,07-05-2022
881,Alok Iyer_881,alok.iyer_881@gmail.com,Kolkata,WB,28-02-2022
882,Aman Gupta_882,aman.gupta_882@gmail.com,Chennai,TN,08-11-2023
883,Vinod Tripathi_883,vinod.tripathi_883@gmail.com,Mumbai,MH,19-01-2023
884,Manoj Yadav_884,manoj.yadav_884@gmail.com,Chennai,TN,06-10-2023
885,Rakesh Joshi_885,rakesh.joshi_885@gmail.com,Bangalore,KA,27-05-2022
886,Ashish Dwivedi_886,ashish.dwivedi_886@gmail.com,Bangalore,KA,01-07-2024
887,Pradeep Dubey_887,pradeep.dubey_887@gmail.com,Kolkata,WB,26-08-2024
888,Vivek Goyal_888,vivek.goyal_888@gmail.com,Kolkata,WB,17-06-2022
889,Mohit Tripathi_889,mohit.tripathi_889@gmail.com,Mumbai,MH,19-07-2023
890,Varun Naidu_890,varun.naidu_890@gmail.com,Kolkata,WB,01-04-2022
891,Alok Tiwari_891,alok.tiwari_891@gmail.com,Pune,MH,26-08-2023
892,Mahesh Arora_892,mahesh.arora_892@gmail.com,Chennai,TN,21-07-2021
893,Sanjay Singh_893,sanjay.singh_893@gmail.com,Bangalore,KA,15-08-2022
894,Suresh _894,suresh._894@gmail.com,Hyderabad,TS,09-02-2023
895,Vivek Naidu_895,vivek.naidu_895@gmail.com,Mumbai,MH,05-07-2021
896,Rakesh Bansal_896,rakesh.bansal_896@gmail.com,Delhi,DL,12-01-2024
897,Naveen Chowdhury_897,naveen.chowdhury_897@gmail.com,Bangalore,KA,06-02-2022
898,Gaurav Chopra_898,gaurav.chopra_898@gmail.com,Bangalore,KA,28-04-2023
899,Rakesh Bhardwaj_899,rakesh.bhardwaj_899@gmail.com,Bangalore,KA,13-08-2021
900,ayush Iyer_900,ayush.iyer_900@gmail.com,Delhi,DL,15-04-2021
901,Vivek Goyal_901,vivek.goyal_901@gmail.com,Hyderabad,TS,26-10-2023
902,Sameer Jain_902,sameer.jain_902@gmail.com,Mumbai,MH,14-04-2024
903,Aman Iyer_903,aman.iyer_903@gmail.com,Delhi,DL,27-05-2022
904,Rajat Khanna_904,rajat.khanna_904@gmail.com,Pune,MH,31-10-2021
905,Abhishek Bhardwaj_905,abhishek.bhardwaj_905@gmail.com,Chennai,TN,01-06-2022
906,Ravi Mukherjee_906,ravi.mukherjee_906@gmail.com,Mumbai,MH,11-04-2021
907,Saurabh Shukla_907,saurabh.shukla_907@gmail.com,Hyderabad,TS,14-04-2022
908,Sunil Bhardwaj_908,sunil.bhardwaj_908@gmail.com,Hyderabad,TS,02-08-2021
909,Varun Rastogi_909,varun.rastogi_909@gmail.com,Bangalore,KA,12-05-2021
910,Aditya Tiwari_910,aditya.tiwari_910@gmail.com,Kolkata,WB,20-10-2022
911,Mohit Dubey_911,mohit.dubey_911@gmail.com,Hyderabad,TS,10-10-2023
912,Ravi Joshi_912,ravi.joshi_912@gmail.com,Pune,MH,30-08-2024
913,Pankaj Sen_913,pankaj.sen_913@gmail.com,Mumbai,MH,14-02-2024
914,Sunil Mukherjee_914,sunil.mukherjee_914@gmail.com,Bangalore,KA,28-04-2023
915, Gupta_915,.gupta_915@gmail.com,Pune,MH,19-02-2022
916,Sameer Singh_916,sameer.singh_916@gmail.com,Pune,MH,09-12-2023
917,Kapil Dwivedi_917,kapil.dwivedi_917@gmail.com,Pune,MH,01-02-2022
918,Kapil Sawant_918,kapil.sawant_918@gmail.com,Delhi,DL,28-09-2024
919,Pankaj Yadav_919,pankaj.yadav_919@gmail.com,Kolkata,WB,16-01-2024
920,Ravi Reddy_920,ravi.reddy_920@gmail.com,Hyderabad,TS,25-10-2021
921,Ashish Naik_921,ashish.naik_921@gmail.com,Mumbai,MH,23-06-2022
922,Ankit Rastogi_922,ankit.rastogi_922@gmail.com,Delhi,DL,08-05-2023
923,Yogesh More_923,yogesh.more_923@gmail.com,Delhi,DL,15-04-2022
924,Mohit Goyal_924,mohit.goyal_924@gmail.com,Delhi,DL,25-11-2023
925,Rohit Patel_925,rohit.patel_925@gmail.com,Delhi,DL,09-04-2024
926,Aman Mehta_926,aman.mehta_926@gmail.com,Bangalore,KA,07-11-2024
927,Ajay Ghosh_927,ajay.ghosh_927@gmail.com,Kolkata,WB,14-09-2022
928,Mahesh Mishra_928,mahesh.mishra_928@gmail.com,Bangalore,KA,10-03-2021
929,Sameer Arora_929,sameer.arora_929@gmail.com,Kolkata,WB,29-09-2024
930,Dinesh Agarwal_930,dinesh.agarwal_930@gmail.com,Bangalore,KA,28-09-2022
931,Mohit Das_931,mohit.das_931@gmail.com,Chennai,TN,25-09-2023
932,Sameer Sen_932,sameer.sen_932@gmail.com,Chennai,TN,06-03-2024
933,Alok Iyer_933,alok.iyer_933@gmail.com,Mumbai,MH,09-12-2023
934,Rohit Deshpande_934,rohit.deshpande_934@gmail.com,Delhi,DL,05-02-2022
935,Aditya Sawant_935,aditya.sawant_935@gmail.com,Kolkata,WB,27-11-2022
936,Mukesh Tripathi_936,mukesh.tripathi_936@gmail.com,Delhi,DL,15-04-2024
937,Nitin Reddy_937,nitin.reddy_937@gmail.com,Chennai,TN,21-08-2023
938,Vinod Joshi_938,vinod.joshi_938@gmail.com,Chennai,TN,31-01-2021
939,Naveen Shukla_939,naveen.shukla_939@gmail.com,Delhi,DL,23-12-2024
940, Patel_940,.patel_940@gmail.com,Mumbai,MH,23-06-2024
941,Ashish Verma_941,ashish.verma_941@gmail.com,Hyderabad,TS,18-01-2024
942,Ankit Thakur_942,ankit.thakur_942@gmail.com,Pune,MH,19-11-2021
943,Harish Tripathi_943,harish.tripathi_943@gmail.com,Kolkata,WB,24-02-2023
944,Rakesh Sawant_944,rakesh.sawant_944@gmail.com,Kolkata,WB,06-05-2022
945,Aman Tiwari_945,aman.tiwari_945@gmail.com,Kolkata,WB,20-03-2024
946,Mohit _946,mohit._946@gmail.com,Bangalore,KA,12-06-2022
947,Saurabh Goyal_947,saurabh.goyal_947@gmail.com,Hyderabad,TS,09-06-2023
948,Mukesh Kumar_948,mukesh.kumar_948@gmail.com,Delhi,DL,24-08-2021
949,Sachin Mukherjee_949,sachin.mukherjee_949@gmail.com,Bangalore,KA,25-06-2024
950,Pradeep More_950,pradeep.more_950@gmail.com,Pune,MH,01-12-2022
951,Deepak Banerjee_951,deepak.banerjee_951@gmail.com,Mumbai,MH,02-01-2022
952,Sachin Khanna_952,sachin.khanna_952@gmail.com,Kolkata,WB,21-01-2021
953,Sameer Patel_953,sameer.patel_953@gmail.com,Delhi,DL,20-03-2022
954,Aakash Iyer_954,aakash.iyer_954@gmail.com,Delhi,DL,24-03-2023
955,Pradeep Mehta_955,pradeep.mehta_955@gmail.com,Kolkata,WB,28-08-2021
956,Vivek Mehta_956,vivek.mehta_956@gmail.com,Delhi,DL,14-06-2021
957,Mukesh Goenka_957,mukesh.goenka_957@gmail.com,Pune,MH,20-02-2022
958,Mahesh Rana_958,mahesh.rana_958@gmail.com,Hyderabad,TS,06-09-2022
959,Manoj Agarwal_959,manoj.agarwal_959@gmail.com,Hyderabad,TS,04-02-2021
960,Aditya Goenka_960,aditya.goenka_960@gmail.com,Chennai,TN,01-07-2022
961,Harish Sawant_961,harish.sawant_961@gmail.com,Mumbai,MH,14-09-2024
962,Abhishek Gupta_962,abhishek.gupta_962@gmail.com,Chennai,TN,10-10-2023
963,Ashish Naidu_963,ashish.naidu_963@gmail.com,Bangalore,KA,10-04-2021
964,Vivek Banerjee_964,vivek.banerjee_964@gmail.com,Delhi,DL,15-08-2023
965,Gaurav Verma_965,gaurav.verma_965@gmail.com,Hyderabad,TS,07-10-2024
966,Suresh Kumar_966,suresh.kumar_966@gmail.com,Chennai,TN,24-11-2022
967,Vivek Rana_967,vivek.rana_967@gmail.com,Mumbai,MH,17-07-2022
968,Kunal Ghosh_968,kunal.ghosh_968@gmail.com,Chennai,TN,16-06-2021
969,Shubham Saxena_969,shubham.saxena_969@gmail.com,Pune,MH,01-12-2022
970,Alok Rastogi_970,alok.rastogi_970@gmail.com,Pune,MH,06-02-2024
971,Rakesh _971,rakesh._971@gmail.com,Kolkata,WB,11-10-2023
972,Karan Rastogi_972,karan.rastogi_972@gmail.com,Bangalore,KA,17-02-2023
973,Rohit Dubey_973,rohit.dubey_973@gmail.com,Hyderabad,TS,01-07-2022
974,Vikas Bansal_974,vikas.bansal_974@gmail.com,Pune,MH,12-08-2023
975,Hemant _975,hemant._975@gmail.com,Hyderabad,TS,25-11-2022
976,Hemant Naidu_976,hemant.naidu_976@gmail.com,Hyderabad,TS,07-10-2024
977,Varun Naidu_977,varun.naidu_977@gmail.com,Mumbai,MH,25-02-2024
978,Rajat Bose_978,rajat.bose_978@gmail.com,Bangalore,KA,08-07-2023
979,Ankit Dubey_979,ankit.dubey_979@gmail.com,Chennai,TN,04-06-2023
980,Manish Goenka_980,manish.goenka_980@gmail.com,Mumbai,MH,21-08-2021
981,Rakesh Rastogi_981,rakesh.rastogi_981@gmail.com,Delhi,DL,16-11-2022
982,Rajat Kulkarni_982,rajat.kulkarni_982@gmail.com,Delhi,DL,01-10-2022
983,Rahul Deshpande_983,rahul.deshpande_983@gmail.com,Chennai,TN,06-12-2022
984,Rajat Bansal_984,rajat.bansal_984@gmail.com,Kolkata,WB,23-07-2021
985,Sunil Reddy_985,sunil.reddy_985@gmail.com,Kolkata,WB,20-01-2023
986,Varun Naik_986,varun.naik_986@gmail.com,Pune,MH,17-05-2022
987,Manoj _987,manoj._987@gmail.com,Pune,MH,21-01-2021
988,Mohit Sawant_988,mohit.sawant_988@gmail.com,Delhi,DL,13-07-2022
989,ayush Yadav_989,ayush.yadav_989@gmail.com,Delhi,DL,18-08-2021
990,Abhishek Mishra_990,abhishek.mishra_990@gmail.com,Bangalore,KA,30-07-2024
991,Aman Thakur_991,aman.thakur_991@gmail.com,Kolkata,WB,17-06-2023
992,Saurabh Naidu_992,saurabh.naidu_992@gmail.com,Delhi,DL,23-11-2022
993,Hemant Kumar_993,hemant.kumar_993@gmail.com,Delhi,DL,10-03-2023
994,Harish Shetty_994,harish.shetty_994@gmail.com,Kolkata,WB,11-04-2021
995,Aditya Gupta_995,aditya.gupta_995@gmail.com,Mumbai,MH,16-05-2022
996,Naveen Pandey_996,naveen.pandey_996@gmail.com,Hyderabad,TS,27-04-2022
997,Kunal Bhardwaj_997,kunal.bhardwaj_997@gmail.com,Bangalore,KA,12-06-2022
998,Deepak Chaudhary_998,deepak.chaudhary_998@gmail.com,Pune,MH,29-02-2024
999,Manish Tiwari_999,manish.tiwari_999@gmail.com,Chennai,TN,14-06-2022
1000,Mohit Sawant_1000,mohit.sawant_1000@gmail.com,Chennai,TN,19-08-2022
