payment_id,order_id,payment_mode ,payment_status ,payment_date
1,462,UPI,SUCCESS,26-06-2023
2,1027,Cash on Delivery,SUCCESS,26-04-2024
3,207,UPI,FAILED,05-08-2023
4,680,UPI,SUCCESS,27-04-2022
5,1483,Credit Card,SUCCESS,07-09-2022
6,808,UPI,SUCCESS,02-05-2022
7,1711,Net Banking,SUCCESS,15-01-2022
8,545,UPI,FAILED,14-12-2022
9,876,Credit Card,SUCCESS,22-05-2022
10,495,UPI,FAILED,28-05-2023
11,321,UPI,PENDING,12-08-2023
12,1465,UPI,SUCCESS,09-04-2022
13,1838,UPI,FAILED,31-12-2023
14,1779,Credit Card,SUCCESS,14-12-2022
15,1062,Debit Card,PENDING,12-05-2023
16,178,Credit Card,SUCCESS,08-11-2022
17,1809,Credit Card,SUCCESS,01-04-2023
18,899,Debit Card,PENDING,30-03-2024
19,1537,Credit Card,PENDING,16-04-2023
20,1525,UPI,SUCCESS,08-10-2023
21,383,UPI,SUCCESS,27-01-2022
22,1124,UPI,SUCCESS,24-01-2023
23,104,UPI,SUCCESS,28-03-2024
24,1606,UPI,PENDING,30-11-2023
25,134,UPI,FAILED,05-12-2022
26,1025,Credit Card,SUCCESS,25-09-2022
27,1271,UPI,PENDING,14-06-2024
28,662,Debit Card,SUCCESS,24-02-2023
29,1160,Cash on Delivery,SUCCESS,13-11-2022
30,303,Debit Card,SUCCESS,11-06-2024
31,1234,Cash,SUCCESS,05-06-2022
32,406,UPI,SUCCESS,03-04-2024
33,1183,Net Banking,SUCCESS,28-05-2022
34,119,UPI,SUCCESS,01-10-2022
35,1511,UPI,SUCCESS,22-04-2022
36,1823,UPI,SUCCESS,26-09-2023
37,1235,Debit Card,FAILED,18-11-2023
38,253,Credit Card,FAILED,14-05-2024
39,1812,UPI,SUCCESS,19-12-2023
40,951,Debit Card,SUCCESS,21-05-2023
41,804,UPI,SUCCESS,27-04-2024
42,1583,Debit Card,SUCCESS,13-08-2022
43,825,Net Banking,SUCCESS,20-01-2022
44,1543,UPI,SUCCESS,22-03-2023
45,885,Cash,SUCCESS,03-09-2023
46,218,UPI,SUCCESS,10-09-2022
47,1304,Credit Card,SUCCESS,19-06-2024
48,730,Credit Card,SUCCESS,02-10-2022
49,1188,UPI,SUCCESS,27-11-2022
50,38,Cash on Delivery,SUCCESS,26-09-2022
51,1874,UPI,FAILED,23-06-2022
52,1338,UPI,SUCCESS,10-03-2022
53,1319,Credit Card,SUCCESS,03-12-2023
54,1527,Debit Card,SUCCESS,03-05-2024
55,1625,Cash on Delivery,SUCCESS,12-04-2023
56,169,Credit Card,SUCCESS,09-02-2023
57,418,UPI,SUCCESS,30-08-2023
58,493,Cash on Delivery,SUCCESS,19-01-2024
59,796,UPI,SUCCESS,03-03-2023
60,908,Cash on Delivery,SUCCESS,23-02-2022
61,1301,Credit Card,SUCCESS,04-04-2022
62,1324,Debit Card,SUCCESS,09-03-2022
63,1773,Credit Card,SUCCESS,22-09-2022
64,423,Credit Card,SUCCESS,26-02-2023
65,762,UPI,PENDING,02-07-2023
66,1865,Cash on Delivery,SUCCESS,02-01-2024
67,1238,UPI,PENDING,23-03-2022
68,1203,Cash on Delivery,SUCCESS,21-04-2023
69,1096,Credit Card,SUCCESS,19-09-2023
70,1157,Debit Card,SUCCESS,04-05-2024
71,1336,Cash on Delivery,SUCCESS,15-02-2024
72,1195,Net Banking,FAILED,11-05-2022
73,334,Credit Card,SUCCESS,15-09-2022
74,1761,UPI,SUCCESS,20-10-2023
75,49,Cash,SUCCESS,13-12-2023
76,589,UPI,SUCCESS,18-06-2024
77,778,Net Banking,SUCCESS,02-02-2023
78,1894,Credit Card,FAILED,23-03-2023
79,1618,UPI,SUCCESS,08-11-2023
80,1896,UPI,FAILED,04-08-2023
81,535,Net Banking,SUCCESS,10-06-2024
82,282,UPI,FAILED,07-06-2022
83,684,Cash,FAILED,04-05-2023
84,1410,UPI,SUCCESS,02-07-2023
85,1453,UPI,SUCCESS,22-04-2023
86,1804,Credit Card,SUCCESS,10-07-2022
87,438,UPI,SUCCESS,15-11-2023
88,1461,UPI,FAILED,07-03-2024
89,1631,UPI,SUCCESS,16-08-2022
90,347,Credit Card,SUCCESS,29-12-2023
91,1938,Credit Card,SUCCESS,02-12-2022
92,1143,Credit Card,SUCCESS,10-12-2022
93,133,UPI,SUCCESS,20-09-2023
94,1936,Credit Card,SUCCESS,08-04-2022
95,419,Cash,SUCCESS,15-05-2023
96,4,UPI,SUCCESS,25-03-2024
97,1626,Net Banking,SUCCESS,15-03-2023
98,683,Credit Card,SUCCESS,04-01-2024
99,727,Debit Card,SUCCESS,28-09-2023
100,1498,UPI,SUCCESS,16-12-2023
101,1371,UPI,FAILED,27-04-2022
102,1071,UPI,SUCCESS,22-04-2022
103,1164,Credit Card,SUCCESS,24-03-2023
104,728,Credit Card,SUCCESS,02-02-2023
105,1012,Cash,FAILED,27-04-2024
106,661,Debit Card,SUCCESS,26-06-2023
107,145,UPI,SUCCESS,06-03-2023
108,895,Debit Card,SUCCESS,10-12-2023
109,103,UPI,SUCCESS,09-06-2022
110,1844,UPI,PENDING,05-02-2023
111,1797,Credit Card,SUCCESS,24-05-2023
112,1396,Credit Card,PENDING,04-01-2024
113,793,UPI,SUCCESS,25-05-2022
114,1717,Net Banking,FAILED,01-01-2023
115,1810,Cash,SUCCESS,10-09-2023
116,275,Cash,SUCCESS,10-09-2023
117,1666,Credit Card,SUCCESS,13-02-2024
118,522,UPI,SUCCESS,09-01-2022
119,1520,Debit Card,SUCCESS,24-07-2023
120,1710,Net Banking,SUCCESS,16-11-2023
121,1110,Credit Card,SUCCESS,24-02-2024
122,840,Cash,FAILED,14-02-2023
123,55,UPI,SUCCESS,16-05-2022
124,647,UPI,SUCCESS,22-03-2024
125,556,Credit Card,SUCCESS,20-10-2023
126,151,UPI,SUCCESS,19-03-2024
127,1623,UPI,SUCCESS,11-08-2022
128,1024,UPI,SUCCESS,23-04-2022
129,1078,Credit Card,SUCCESS,16-06-2023
130,1678,Debit Card,SUCCESS,30-05-2023
131,1047,Debit Card,SUCCESS,16-02-2024
132,547,Debit Card,FAILED,12-02-2024
133,1286,Debit Card,SUCCESS,01-05-2023
134,415,Credit Card,SUCCESS,20-09-2022
135,521,Credit Card,SUCCESS,30-05-2022
136,1893,UPI,SUCCESS,24-05-2023
137,295,Cash on Delivery,FAILED,14-01-2023
138,1105,Cash on Delivery,FAILED,26-03-2022
139,424,Credit Card,FAILED,08-11-2022
140,1882,Credit Card,FAILED,16-07-2023
141,298,UPI,FAILED,12-02-2024
142,46,UPI,SUCCESS,15-03-2023
143,1834,UPI,PENDING,02-02-2022
144,596,Debit Card,SUCCESS,27-01-2023
145,1906,UPI,FAILED,29-10-2023
146,635,Cash,SUCCESS,12-05-2022
147,1073,Cash,SUCCESS,24-02-2023
148,1515,Debit Card,PENDING,10-02-2024
149,731,Credit Card,SUCCESS,03-06-2022
150,546,Cash,PENDING,20-12-2023
151,473,UPI,SUCCESS,05-03-2024
152,697,UPI,SUCCESS,05-09-2023
153,1295,Debit Card,SUCCESS,21-02-2024
154,485,Credit Card,SUCCESS,07-03-2023
155,1302,Cash on Delivery,SUCCESS,19-10-2022
156,785,Cash,SUCCESS,29-10-2022
157,1753,Net Banking,SUCCESS,05-05-2024
158,1653,UPI,SUCCESS,27-10-2022
159,30,Cash,SUCCESS,01-01-2024
160,284,Credit Card,SUCCESS,08-07-2022
161,1391,Credit Card,SUCCESS,25-10-2023
162,177,UPI,SUCCESS,31-10-2023
163,1546,UPI,FAILED,04-12-2022
164,623,UPI,SUCCESS,08-08-2022
165,812,UPI,PENDING,15-05-2024
166,711,UPI,SUCCESS,22-01-2023
167,1646,Net Banking,SUCCESS,06-01-2023
168,835,Debit Card,SUCCESS,29-01-2024
169,576,Credit Card,SUCCESS,25-05-2023
170,1293,Credit Card,SUCCESS,31-10-2022
171,1579,UPI,FAILED,16-09-2023
172,677,Net Banking,SUCCESS,01-12-2023
173,2000,Credit Card,SUCCESS,01-10-2023
174,1189,UPI,SUCCESS,01-05-2023
175,1650,UPI,SUCCESS,18-08-2023
176,1491,UPI,SUCCESS,27-12-2022
177,669,Cash on Delivery,SUCCESS,16-04-2024
178,1966,Credit Card,FAILED,16-03-2022
179,1097,Credit Card,SUCCESS,23-03-2024
180,1429,Credit Card,SUCCESS,10-08-2023
181,943,Net Banking,PENDING,14-10-2022
182,1135,Net Banking,PENDING,16-02-2023
183,146,UPI,FAILED,08-08-2022
184,1508,Credit Card,SUCCESS,08-06-2023
185,824,Credit Card,FAILED,15-09-2022
186,107,UPI,SUCCESS,19-09-2023
187,881,Cash,SUCCESS,24-04-2023
188,1405,UPI,SUCCESS,14-02-2023
189,1956,Debit Card,SUCCESS,03-03-2023
190,1013,Net Banking,FAILED,15-01-2024
191,377,Cash on Delivery,SUCCESS,28-05-2023
192,1329,UPI,SUCCESS,08-07-2023
193,1616,UPI,SUCCESS,09-01-2022
194,1432,UPI,SUCCESS,18-10-2023
195,242,Debit Card,PENDING,10-09-2023
196,1818,UPI,SUCCESS,21-08-2022
197,1807,Cash on Delivery,SUCCESS,25-03-2022
198,1278,UPI,SUCCESS,19-09-2022
199,257,UPI,SUCCESS,11-01-2024
200,1176,Cash,SUCCESS,24-03-2024
201,1859,UPI,FAILED,20-10-2022
202,1168,Cash,SUCCESS,07-08-2023
203,1122,Cash on Delivery,SUCCESS,23-05-2022
204,1321,Net Banking,SUCCESS,11-12-2022
205,116,Net Banking,PENDING,28-11-2023
206,267,Credit Card,SUCCESS,01-11-2022
207,32,UPI,SUCCESS,16-08-2023
208,1174,UPI,FAILED,05-04-2023
209,1266,Credit Card,SUCCESS,10-07-2022
210,340,UPI,SUCCESS,06-09-2023
211,1343,Credit Card,SUCCESS,08-02-2022
212,879,UPI,SUCCESS,04-01-2023
213,433,Credit Card,SUCCESS,11-09-2023
214,1932,UPI,SUCCESS,04-08-2022
215,915,Debit Card,SUCCESS,06-02-2023
216,403,Cash on Delivery,SUCCESS,19-03-2024
217,1872,Cash on Delivery,FAILED,09-12-2023
218,750,Debit Card,SUCCESS,22-05-2023
219,375,Credit Card,SUCCESS,16-02-2023
220,868,UPI,SUCCESS,11-04-2022
221,1892,Cash,SUCCESS,02-01-2024
222,1236,Debit Card,SUCCESS,17-03-2024
223,754,UPI,SUCCESS,18-12-2022
224,364,Cash on Delivery,PENDING,10-02-2022
225,841,Cash,SUCCESS,31-03-2024
226,1962,Credit Card,SUCCESS,05-09-2023
227,1507,Credit Card,SUCCESS,15-10-2022
228,906,UPI,SUCCESS,02-02-2024
229,552,UPI,FAILED,17-06-2023
230,143,Cash,FAILED,04-08-2022
231,1438,Cash,SUCCESS,28-05-2022
232,1385,Credit Card,FAILED,24-09-2022
233,1740,UPI,SUCCESS,07-04-2022
234,1813,Credit Card,SUCCESS,08-06-2023
235,1139,UPI,SUCCESS,10-09-2022
236,1827,Credit Card,SUCCESS,06-04-2024
237,725,UPI,FAILED,21-05-2022
238,619,Net Banking,FAILED,14-03-2022
239,590,UPI,SUCCESS,31-01-2024
240,984,Cash,SUCCESS,05-05-2023
241,1140,Cash on Delivery,FAILED,26-04-2023
242,799,Net Banking,FAILED,15-07-2022
243,79,Net Banking,FAILED,08-04-2023
244,1130,Net Banking,SUCCESS,20-07-2022
245,1866,UPI,SUCCESS,03-06-2024
246,7,UPI,SUCCESS,01-06-2022
247,1746,UPI,SUCCESS,25-09-2023
248,328,Debit Card,FAILED,28-05-2022
249,917,Cash on Delivery,SUCCESS,25-01-2023
250,1900,UPI,SUCCESS,29-07-2023
251,1207,Cash on Delivery,SUCCESS,14-03-2022
252,162,Credit Card,FAILED,03-01-2024
253,839,Net Banking,SUCCESS,06-09-2023
254,1501,Credit Card,SUCCESS,20-04-2024
255,1995,UPI,SUCCESS,25-11-2022
256,496,UPI,PENDING,11-05-2023
257,1673,UPI,FAILED,07-09-2022
258,482,Cash on Delivery,SUCCESS,05-08-2022
259,141,Credit Card,PENDING,05-04-2022
260,1095,Debit Card,FAILED,19-05-2023
261,888,UPI,SUCCESS,18-07-2023
262,1603,Debit Card,SUCCESS,25-04-2024
263,1229,Cash on Delivery,SUCCESS,16-12-2022
264,1020,UPI,SUCCESS,13-06-2024
265,1908,UPI,FAILED,29-07-2023
266,724,UPI,FAILED,31-10-2022
267,849,Cash,SUCCESS,03-03-2023
268,1292,UPI,PENDING,18-02-2023
269,1424,Debit Card,SUCCESS,28-03-2024
270,1643,UPI,SUCCESS,13-07-2023
271,158,UPI,FAILED,09-11-2023
272,1316,Credit Card,FAILED,30-01-2022
273,381,UPI,SUCCESS,25-09-2022
274,1526,UPI,SUCCESS,16-02-2022
275,892,Cash on Delivery,SUCCESS,24-04-2023
276,1518,Credit Card,FAILED,03-04-2024
277,1359,Credit Card,SUCCESS,03-06-2024
278,1065,Credit Card,SUCCESS,14-02-2022
279,1644,Cash on Delivery,SUCCESS,29-08-2023
280,1523,Cash,PENDING,23-02-2024
281,50,Cash on Delivery,SUCCESS,06-06-2024
282,1996,Debit Card,SUCCESS,29-01-2022
283,508,Debit Card,SUCCESS,11-09-2022
284,204,UPI,SUCCESS,20-04-2023
285,847,Cash on Delivery,SUCCESS,18-02-2022
286,1795,UPI,SUCCESS,05-07-2022
287,1830,UPI,SUCCESS,13-01-2024
288,94,UPI,SUCCESS,16-07-2022
289,1294,Credit Card,SUCCESS,29-09-2022
290,1257,UPI,SUCCESS,20-09-2022
291,1341,Debit Card,FAILED,19-04-2023
292,1399,Credit Card,SUCCESS,17-12-2023
293,582,UPI,SUCCESS,13-06-2022
294,630,Credit Card,SUCCESS,25-09-2023
295,1632,UPI,SUCCESS,19-02-2024
296,1224,Cash on Delivery,SUCCESS,30-08-2023
297,1794,Cash on Delivery,FAILED,18-04-2022
298,1274,UPI,SUCCESS,12-10-2022
299,912,UPI,SUCCESS,26-04-2022
300,1868,Credit Card,FAILED,05-03-2024
301,31,Credit Card,FAILED,30-05-2024
302,301,UPI,PENDING,07-02-2023
303,1719,UPI,SUCCESS,22-09-2022
304,1829,Credit Card,SUCCESS,23-02-2022
305,246,Debit Card,SUCCESS,23-02-2022
306,1664,Credit Card,PENDING,09-12-2022
307,800,Credit Card,PENDING,30-04-2022
308,1693,Net Banking,SUCCESS,25-06-2023
309,1925,Cash,SUCCESS,13-06-2024
310,250,UPI,SUCCESS,09-12-2023
311,1308,Credit Card,PENDING,28-10-2023
312,1322,UPI,FAILED,18-07-2022
313,1253,UPI,SUCCESS,20-05-2023
314,1159,UPI,SUCCESS,12-07-2022
315,1414,Net Banking,SUCCESS,15-04-2024
316,599,Debit Card,SUCCESS,18-05-2022
317,813,Debit Card,SUCCESS,04-12-2022
318,228,Cash on Delivery,PENDING,21-10-2023
319,883,UPI,SUCCESS,11-05-2023
320,1808,UPI,SUCCESS,07-07-2023
321,1057,Net Banking,SUCCESS,14-08-2023
322,111,Cash on Delivery,SUCCESS,22-05-2023
323,875,UPI,SUCCESS,23-11-2023
324,434,UPI,SUCCESS,28-11-2022
325,291,Net Banking,SUCCESS,04-11-2022
326,1208,UPI,SUCCESS,06-03-2023
327,733,Net Banking,SUCCESS,19-10-2023
328,1299,Net Banking,SUCCESS,04-05-2023
329,1419,Cash on Delivery,FAILED,26-04-2022
330,1490,UPI,PENDING,27-03-2024
331,1134,Net Banking,SUCCESS,09-01-2024
332,391,UPI,SUCCESS,29-01-2024
333,1434,UPI,SUCCESS,28-10-2022
334,1023,Credit Card,SUCCESS,27-01-2024
335,631,Credit Card,SUCCESS,13-10-2023
336,1194,Cash,SUCCESS,17-01-2023
337,688,Debit Card,FAILED,30-05-2023
338,1357,Net Banking,FAILED,05-09-2022
339,1734,Credit Card,SUCCESS,17-12-2022
340,1307,UPI,SUCCESS,20-10-2023
341,200,Credit Card,SUCCESS,13-06-2024
342,710,Cash,PENDING,17-06-2023
343,614,UPI,SUCCESS,01-09-2023
344,1155,UPI,SUCCESS,21-02-2024
345,944,Debit Card,SUCCESS,27-01-2023
346,1039,Cash on Delivery,SUCCESS,02-01-2024
347,258,Net Banking,SUCCESS,03-02-2022
348,1718,Credit Card,SUCCESS,29-01-2022
349,1298,UPI,SUCCESS,30-05-2024
350,245,Net Banking,SUCCESS,25-08-2022
351,1475,Cash,SUCCESS,19-12-2023
352,182,Net Banking,SUCCESS,14-08-2022
353,1367,Cash,PENDING,17-01-2022
354,1958,Cash on Delivery,PENDING,20-06-2022
355,1287,UPI,SUCCESS,23-03-2022
356,1749,Credit Card,SUCCESS,09-12-2023
357,23,Cash on Delivery,SUCCESS,22-02-2022
358,484,UPI,PENDING,10-05-2022
359,511,Credit Card,SUCCESS,13-11-2022
360,392,Credit Card,SUCCESS,24-08-2023
361,675,Credit Card,FAILED,21-06-2023
362,256,UPI,SUCCESS,04-01-2023
363,1019,Credit Card,SUCCESS,23-01-2023
364,766,UPI,PENDING,24-04-2024
365,203,UPI,SUCCESS,16-07-2023
366,1431,Credit Card,SUCCESS,02-06-2024
367,924,UPI,SUCCESS,24-04-2024
368,1983,UPI,PENDING,08-11-2023
369,3,Cash on Delivery,FAILED,23-05-2024
370,816,Credit Card,SUCCESS,04-08-2023
371,1259,UPI,FAILED,30-07-2023
372,41,Cash on Delivery,FAILED,28-11-2022
373,56,UPI,PENDING,14-09-2023
374,1244,Debit Card,SUCCESS,07-02-2024
375,1878,Cash,SUCCESS,25-11-2023
376,1485,Cash on Delivery,SUCCESS,28-04-2023
377,193,UPI,SUCCESS,11-11-2022
378,1636,UPI,SUCCESS,10-06-2023
379,859,Net Banking,SUCCESS,22-04-2023
380,285,Credit Card,SUCCESS,09-04-2024
381,617,Cash,SUCCESS,08-01-2023
382,1471,UPI,SUCCESS,05-01-2024
383,580,UPI,SUCCESS,26-02-2024
384,1755,UPI,PENDING,06-09-2022
385,1154,Cash,FAILED,02-03-2023
386,165,Net Banking,SUCCESS,13-05-2023
387,1981,UPI,SUCCESS,30-01-2023
388,1386,Cash on Delivery,SUCCESS,22-04-2022
389,1739,UPI,SUCCESS,30-06-2022
390,1950,Credit Card,SUCCESS,11-02-2023
391,1267,UPI,FAILED,09-07-2022
392,420,UPI,FAILED,27-03-2024
393,254,Debit Card,SUCCESS,17-01-2024
394,332,Cash,PENDING,25-02-2024
395,557,Credit Card,SUCCESS,07-06-2024
396,1538,Credit Card,FAILED,14-09-2023
397,220,UPI,SUCCESS,08-04-2022
398,1607,Credit Card,SUCCESS,05-07-2022
399,955,UPI,SUCCESS,23-05-2023
400,1942,UPI,SUCCESS,27-01-2022
401,1715,Credit Card,SUCCESS,15-12-2022
402,1945,Credit Card,SUCCESS,15-11-2023
403,1021,Debit Card,SUCCESS,02-01-2023
404,637,UPI,SUCCESS,10-08-2022
405,983,UPI,SUCCESS,18-07-2023
406,622,UPI,PENDING,18-08-2023
407,939,Net Banking,FAILED,16-05-2024
408,1356,Net Banking,SUCCESS,20-10-2022
409,695,UPI,SUCCESS,17-03-2024
410,1030,Net Banking,SUCCESS,17-04-2024
411,1437,UPI,SUCCESS,14-11-2022
412,95,Debit Card,FAILED,11-09-2023
413,581,Credit Card,SUCCESS,15-12-2022
414,1104,Credit Card,SUCCESS,04-05-2022
415,1776,Credit Card,SUCCESS,16-06-2024
416,1087,UPI,SUCCESS,12-09-2023
417,498,Net Banking,FAILED,24-07-2022
418,696,UPI,SUCCESS,27-12-2022
419,862,Cash on Delivery,SUCCESS,22-02-2022
420,20,Net Banking,SUCCESS,14-02-2022
421,147,Cash on Delivery,FAILED,26-11-2022
422,1918,UPI,SUCCESS,11-02-2024
423,1909,Credit Card,SUCCESS,08-11-2023
424,1369,UPI,SUCCESS,21-08-2023
425,780,UPI,SUCCESS,08-08-2023
426,112,Credit Card,SUCCESS,05-08-2023
427,657,UPI,SUCCESS,02-02-2023
428,1000,UPI,SUCCESS,25-05-2023
429,1116,UPI,FAILED,09-02-2024
430,1165,Net Banking,SUCCESS,28-07-2022
431,1687,Cash,PENDING,22-07-2022
432,1763,Credit Card,SUCCESS,08-11-2022
433,518,Credit Card,SUCCESS,25-05-2024
434,1680,Net Banking,SUCCESS,12-03-2023
435,967,UPI,SUCCESS,05-01-2023
436,1617,UPI,SUCCESS,08-01-2024
437,819,UPI,SUCCESS,03-01-2024
438,1482,Credit Card,SUCCESS,16-10-2023
439,1041,UPI,SUCCESS,11-10-2023
440,1383,Credit Card,SUCCESS,16-04-2024
441,1655,UPI,SUCCESS,13-03-2022
442,1798,Credit Card,FAILED,15-01-2023
443,1554,UPI,SUCCESS,07-06-2024
444,1403,UPI,SUCCESS,11-06-2024
445,174,UPI,PENDING,08-12-2023
446,773,Cash on Delivery,SUCCESS,14-05-2024
447,233,Cash on Delivery,SUCCESS,03-07-2023
448,1050,UPI,FAILED,25-03-2022
449,384,UPI,SUCCESS,31-08-2023
450,1989,Cash,SUCCESS,02-07-2023
451,1315,UPI,PENDING,28-03-2022
452,168,Net Banking,SUCCESS,31-01-2022
453,1589,UPI,SUCCESS,04-06-2024
454,790,Cash,SUCCESS,03-05-2024
455,512,UPI,SUCCESS,10-12-2023
456,234,UPI,FAILED,29-06-2023
457,993,Credit Card,SUCCESS,16-05-2022
458,365,UPI,FAILED,18-02-2024
459,1085,Cash on Delivery,SUCCESS,14-05-2024
460,1473,UPI,FAILED,13-01-2024
461,605,UPI,SUCCESS,17-04-2024
462,1853,Credit Card,SUCCESS,22-04-2024
463,777,UPI,FAILED,14-04-2022
464,407,UPI,FAILED,15-10-2022
465,474,Cash on Delivery,SUCCESS,17-01-2023
466,1186,UPI,SUCCESS,13-02-2024
467,154,UPI,SUCCESS,21-10-2023
468,125,Net Banking,SUCCESS,21-01-2023
469,1376,UPI,SUCCESS,26-05-2023
470,1011,Net Banking,SUCCESS,21-10-2023
471,288,UPI,SUCCESS,10-02-2024
472,1486,UPI,PENDING,03-02-2022
473,1935,Cash,SUCCESS,28-09-2023
474,686,Credit Card,SUCCESS,01-05-2022
475,1688,UPI,SUCCESS,26-12-2023
476,1283,Credit Card,SUCCESS,18-04-2024
477,1373,Net Banking,SUCCESS,24-07-2022
478,1441,Credit Card,SUCCESS,23-07-2023
479,8,Net Banking,FAILED,11-07-2023
480,1394,Cash,FAILED,24-08-2023
481,566,Debit Card,SUCCESS,17-03-2022
482,563,Credit Card,FAILED,26-03-2024
483,1665,Net Banking,SUCCESS,30-12-2023
484,1581,Net Banking,SUCCESS,04-12-2023
485,792,Net Banking,PENDING,02-05-2022
486,394,Credit Card,PENDING,10-06-2022
487,1092,Net Banking,SUCCESS,14-03-2024
488,22,Cash on Delivery,FAILED,06-02-2024
489,949,Cash on Delivery,PENDING,15-11-2022
490,715,UPI,SUCCESS,05-02-2023
491,451,Credit Card,FAILED,13-04-2023
492,1656,UPI,SUCCESS,15-03-2023
493,1082,UPI,FAILED,15-03-2024
494,427,Credit Card,SUCCESS,13-04-2023
495,1252,Credit Card,SUCCESS,05-02-2024
496,9,UPI,FAILED,03-08-2023
497,1313,Net Banking,SUCCESS,23-02-2024
498,1084,UPI,FAILED,30-06-2022
499,379,UPI,PENDING,10-12-2023
500,223,UPI,SUCCESS,26-11-2022
501,1668,Cash on Delivery,SUCCESS,01-10-2022
502,503,Debit Card,SUCCESS,16-06-2024
503,1362,UPI,SUCCESS,19-11-2023
504,63,UPI,SUCCESS,19-05-2022
505,1904,UPI,SUCCESS,06-04-2024
506,1702,UPI,SUCCESS,20-09-2022
507,1871,Credit Card,SUCCESS,06-07-2022
508,329,UPI,SUCCESS,21-10-2022
509,458,Cash on Delivery,SUCCESS,20-02-2023
510,1784,Cash,SUCCESS,03-12-2023
511,1565,Net Banking,SUCCESS,17-07-2023
512,1063,Credit Card,FAILED,19-10-2022
513,1476,UPI,SUCCESS,19-11-2023
514,1464,UPI,FAILED,07-08-2022
515,1509,Net Banking,SUCCESS,05-06-2023
516,1699,UPI,SUCCESS,18-09-2022
517,279,UPI,SUCCESS,19-09-2022
518,129,Credit Card,SUCCESS,12-05-2023
519,721,Net Banking,SUCCESS,05-04-2023
520,1484,UPI,SUCCESS,19-01-2024
521,1987,Net Banking,FAILED,10-05-2022
522,633,Net Banking,SUCCESS,26-03-2022
523,480,Credit Card,SUCCESS,07-04-2024
524,701,UPI,PENDING,24-07-2022
525,1657,Cash on Delivery,SUCCESS,24-09-2023
526,999,UPI,SUCCESS,13-12-2023
527,588,Net Banking,FAILED,17-01-2023
528,1215,UPI,SUCCESS,05-03-2024
529,1639,UPI,SUCCESS,06-04-2022
530,1928,UPI,SUCCESS,27-04-2023
531,1806,Cash,SUCCESS,07-01-2023
532,117,Net Banking,PENDING,13-10-2022
533,1536,UPI,FAILED,18-04-2022
534,965,Cash,SUCCESS,19-02-2022
535,608,Credit Card,SUCCESS,08-09-2023
536,1067,Credit Card,SUCCESS,31-03-2022
537,197,Cash on Delivery,SUCCESS,13-05-2024
538,520,UPI,SUCCESS,28-06-2023
539,1869,Cash on Delivery,SUCCESS,19-12-2022
540,553,UPI,SUCCESS,08-02-2023
541,1406,UPI,PENDING,30-12-2023
542,455,Credit Card,SUCCESS,28-09-2022
543,517,UPI,SUCCESS,16-11-2023
544,1674,UPI,SUCCESS,05-10-2022
545,1263,UPI,SUCCESS,17-02-2024
546,110,Cash,FAILED,19-03-2024
547,1676,Credit Card,SUCCESS,18-02-2023
548,1611,UPI,SUCCESS,10-10-2022
549,1990,Net Banking,SUCCESS,04-06-2023
550,308,Credit Card,SUCCESS,26-06-2022
551,1535,Credit Card,SUCCESS,23-07-2022
552,1450,Cash on Delivery,FAILED,02-04-2024
553,1769,Debit Card,SUCCESS,12-03-2022
554,1411,Credit Card,SUCCESS,07-12-2023
555,1181,Credit Card,SUCCESS,23-03-2022
556,431,UPI,PENDING,09-10-2022
557,814,UPI,SUCCESS,19-02-2024
558,262,Credit Card,SUCCESS,05-09-2023
559,1952,Credit Card,SUCCESS,15-08-2023
560,764,UPI,SUCCESS,11-06-2023
561,492,Credit Card,SUCCESS,05-05-2024
562,382,Cash on Delivery,SUCCESS,25-05-2022
563,575,Debit Card,SUCCESS,01-01-2024
564,887,Cash,SUCCESS,16-03-2023
565,1759,Debit Card,SUCCESS,12-06-2024
566,289,Net Banking,SUCCESS,03-03-2024
567,196,UPI,SUCCESS,05-02-2022
568,1634,UPI,SUCCESS,03-03-2024
569,1101,UPI,SUCCESS,19-06-2023
570,963,UPI,SUCCESS,14-06-2023
571,1672,Cash,FAILED,11-12-2023
572,1066,UPI,SUCCESS,13-09-2022
573,1335,Net Banking,PENDING,15-04-2022
574,681,UPI,SUCCESS,09-08-2023
575,1225,UPI,FAILED,05-02-2022
576,1907,Cash on Delivery,SUCCESS,13-04-2024
577,278,Cash,SUCCESS,12-05-2023
578,1349,Credit Card,SUCCESS,11-08-2023
579,817,UPI,SUCCESS,26-06-2022
580,1129,Net Banking,SUCCESS,01-08-2022
581,723,Cash,SUCCESS,06-01-2022
582,1420,UPI,SUCCESS,01-04-2022
583,1551,Debit Card,SUCCESS,18-06-2024
584,763,Net Banking,SUCCESS,28-05-2022
585,167,UPI,FAILED,28-03-2023
586,861,UPI,SUCCESS,18-01-2022
587,190,Debit Card,SUCCESS,18-05-2024
588,366,UPI,SUCCESS,27-04-2024
589,676,Cash on Delivery,PENDING,14-04-2023
590,1728,Debit Card,SUCCESS,19-04-2023
591,979,UPI,SUCCESS,26-01-2022
592,1651,UPI,SUCCESS,01-08-2022
593,467,Credit Card,SUCCESS,16-05-2024
594,916,Cash on Delivery,SUCCESS,08-10-2023
595,941,Cash,SUCCESS,03-04-2023
596,1246,Net Banking,PENDING,29-08-2023
597,1692,Credit Card,SUCCESS,10-11-2022
598,205,Net Banking,SUCCESS,24-02-2022
599,1789,Net Banking,SUCCESS,21-09-2022
600,476,Cash,SUCCESS,18-07-2023
601,1460,UPI,SUCCESS,14-05-2023
602,594,UPI,FAILED,08-06-2022
603,1428,Cash,SUCCESS,15-03-2023
604,668,Credit Card,SUCCESS,24-07-2022
605,1696,UPI,SUCCESS,15-05-2024
606,13,Credit Card,FAILED,10-05-2023
607,244,Credit Card,PENDING,22-02-2024
608,1439,UPI,FAILED,06-01-2024
609,1519,Net Banking,SUCCESS,03-06-2023
610,1045,Debit Card,FAILED,17-03-2023
611,1820,UPI,SUCCESS,04-04-2023
612,860,Credit Card,SUCCESS,16-04-2023
613,97,Net Banking,SUCCESS,12-03-2023
614,747,Credit Card,SUCCESS,09-04-2022
615,179,Debit Card,SUCCESS,24-01-2023
616,770,UPI,SUCCESS,17-03-2022
617,810,UPI,SUCCESS,26-11-2023
618,1919,UPI,SUCCESS,17-03-2022
619,404,Credit Card,PENDING,28-01-2024
620,1744,Cash,SUCCESS,24-05-2024
621,801,UPI,SUCCESS,10-05-2022
622,1689,Cash on Delivery,SUCCESS,16-08-2023
623,1014,Cash on Delivery,SUCCESS,16-06-2023
624,385,Cash on Delivery,SUCCESS,04-06-2023
625,1196,Net Banking,SUCCESS,08-01-2022
626,93,Credit Card,SUCCESS,29-04-2022
627,441,Net Banking,SUCCESS,06-04-2024
628,1891,UPI,SUCCESS,19-12-2022
629,1592,UPI,SUCCESS,27-01-2022
630,772,Net Banking,FAILED,03-06-2023
631,1915,UPI,FAILED,17-09-2023
632,646,Net Banking,SUCCESS,13-09-2022
633,265,UPI,SUCCESS,28-10-2023
634,1577,Credit Card,SUCCESS,20-10-2022
635,981,UPI,FAILED,24-12-2022
636,449,UPI,SUCCESS,25-04-2023
637,1790,UPI,FAILED,24-09-2023
638,1230,Net Banking,SUCCESS,20-06-2023
639,100,UPI,FAILED,16-05-2024
640,274,Credit Card,SUCCESS,11-06-2022
641,1930,UPI,SUCCESS,06-09-2022
642,489,Net Banking,SUCCESS,14-12-2022
643,1612,Cash on Delivery,FAILED,07-01-2022
644,953,Credit Card,SUCCESS,24-05-2024
645,1638,Cash on Delivery,PENDING,04-09-2022
646,1757,Cash,SUCCESS,10-06-2024
647,1053,Cash,SUCCESS,23-04-2022
648,1709,UPI,SUCCESS,28-12-2023
649,852,UPI,SUCCESS,18-03-2023
650,956,Cash,SUCCESS,19-04-2024
651,24,UPI,SUCCESS,07-01-2023
652,1481,Credit Card,PENDING,10-12-2023
653,372,UPI,SUCCESS,14-02-2024
654,562,Credit Card,FAILED,25-11-2023
655,264,Net Banking,SUCCESS,17-05-2023
656,653,UPI,SUCCESS,26-11-2022
657,1975,Cash,SUCCESS,26-06-2022
658,1984,Cash on Delivery,SUCCESS,12-11-2023
659,1848,Net Banking,SUCCESS,12-09-2022
660,704,Cash,SUCCESS,26-07-2023
661,1968,UPI,SUCCESS,17-10-2023
662,1510,UPI,PENDING,03-06-2022
663,1330,Cash,SUCCESS,28-01-2023
664,1573,UPI,SUCCESS,02-11-2023
665,1175,UPI,SUCCESS,12-06-2023
666,970,Credit Card,PENDING,14-04-2022
667,1670,UPI,FAILED,19-07-2023
668,181,Debit Card,SUCCESS,17-09-2022
669,402,Credit Card,SUCCESS,10-01-2024
670,1819,Net Banking,SUCCESS,21-11-2023
671,352,Net Banking,SUCCESS,03-10-2023
672,440,UPI,FAILED,19-10-2022
673,1090,Net Banking,SUCCESS,15-11-2023
674,712,Cash,FAILED,05-03-2024
675,386,UPI,SUCCESS,07-01-2024
676,1512,Cash on Delivery,SUCCESS,18-12-2022
677,1318,UPI,FAILED,13-04-2022
678,189,Cash,FAILED,09-02-2023
679,1044,UPI,FAILED,09-09-2023
680,102,UPI,SUCCESS,30-01-2022
681,1815,UPI,SUCCESS,16-04-2022
682,150,UPI,SUCCESS,10-03-2022
683,1363,Cash on Delivery,SUCCESS,06-08-2023
684,1106,Credit Card,SUCCESS,07-04-2022
685,931,UPI,PENDING,27-02-2022
686,1922,UPI,FAILED,03-05-2022
687,592,Net Banking,SUCCESS,05-11-2023
688,1735,Cash on Delivery,PENDING,03-11-2022
689,781,Cash,SUCCESS,10-03-2023
690,1192,UPI,SUCCESS,10-11-2023
691,1760,UPI,SUCCESS,06-09-2022
692,184,Credit Card,FAILED,30-10-2023
693,1457,Credit Card,SUCCESS,31-12-2023
694,1123,Cash on Delivery,PENDING,10-01-2023
695,359,Cash on Delivery,SUCCESS,10-10-2022
696,1629,Cash,FAILED,29-04-2024
697,1737,Net Banking,SUCCESS,09-04-2023
698,1451,Credit Card,FAILED,08-12-2023
699,1158,UPI,SUCCESS,17-02-2024
700,735,Cash on Delivery,FAILED,27-04-2024
701,1354,Net Banking,SUCCESS,04-10-2023
702,132,UPI,PENDING,10-02-2024
703,742,UPI,PENDING,23-12-2022
704,1766,UPI,SUCCESS,16-06-2023
705,122,UPI,SUCCESS,22-03-2024
706,136,UPI,SUCCESS,11-08-2023
707,1974,Net Banking,SUCCESS,20-06-2023
708,1767,Credit Card,FAILED,10-04-2024
709,844,Cash on Delivery,SUCCESS,31-10-2023
710,1401,UPI,SUCCESS,26-10-2022
711,1218,Net Banking,SUCCESS,22-04-2024
712,577,Credit Card,SUCCESS,13-10-2023
713,335,UPI,PENDING,20-08-2023
714,815,Debit Card,SUCCESS,15-04-2024
715,343,UPI,SUCCESS,18-04-2024
716,873,Cash on Delivery,SUCCESS,16-01-2024
717,1836,Cash on Delivery,SUCCESS,16-05-2024
718,1358,UPI,SUCCESS,18-07-2022
719,166,UPI,SUCCESS,04-06-2023
720,1074,Credit Card,SUCCESS,31-10-2023
721,525,Net Banking,SUCCESS,08-12-2023
722,1075,Cash,SUCCESS,27-04-2023
723,199,UPI,FAILED,27-12-2023
724,579,Net Banking,PENDING,28-08-2022
725,1663,UPI,SUCCESS,07-07-2022
726,5,Credit Card,SUCCESS,23-05-2024
727,1513,Cash on Delivery,FAILED,01-03-2023
728,212,Cash on Delivery,FAILED,02-04-2023
729,270,Cash on Delivery,PENDING,02-12-2023
730,353,Credit Card,PENDING,21-01-2024
731,502,Cash on Delivery,SUCCESS,13-11-2023
732,1544,Credit Card,PENDING,20-07-2023
733,934,UPI,SUCCESS,29-01-2022
734,1870,Credit Card,SUCCESS,14-10-2022
735,87,Cash on Delivery,FAILED,29-03-2023
736,1223,Cash,SUCCESS,22-05-2022
737,1241,UPI,SUCCESS,12-06-2023
738,884,Credit Card,FAILED,21-02-2023
739,611,UPI,SUCCESS,25-05-2022
740,497,UPI,SUCCESS,01-03-2023
741,92,Credit Card,FAILED,24-08-2022
742,2,Credit Card,SUCCESS,21-07-2022
743,6,UPI,FAILED,23-06-2023
744,507,Cash on Delivery,SUCCESS,19-02-2023
745,624,UPI,SUCCESS,24-11-2022
746,1814,Debit Card,SUCCESS,31-10-2022
747,230,UPI,FAILED,07-04-2023
748,1770,UPI,FAILED,20-04-2024
749,802,UPI,SUCCESS,09-01-2023
750,194,Cash,SUCCESS,22-09-2022
751,644,Cash on Delivery,FAILED,31-01-2023
752,425,UPI,SUCCESS,04-07-2023
753,687,Debit Card,SUCCESS,26-06-2022
754,1880,Credit Card,SUCCESS,12-04-2023
755,1946,UPI,SUCCESS,02-11-2023
756,769,UPI,SUCCESS,06-06-2022
757,1477,UPI,FAILED,11-04-2023
758,464,Credit Card,SUCCESS,09-01-2024
759,1562,UPI,SUCCESS,05-09-2022
760,937,UPI,SUCCESS,03-09-2022
761,1201,Cash on Delivery,SUCCESS,25-11-2022
762,1342,Debit Card,SUCCESS,29-09-2023
763,1423,Debit Card,SUCCESS,03-04-2024
764,1599,Cash on Delivery,SUCCESS,08-10-2022
765,1255,Debit Card,FAILED,19-01-2024
766,232,Cash,SUCCESS,17-11-2023
767,1279,UPI,SUCCESS,21-06-2023
768,560,Credit Card,SUCCESS,28-02-2022
769,153,Credit Card,SUCCESS,04-04-2024
770,417,Net Banking,PENDING,24-09-2022
771,1412,Net Banking,SUCCESS,11-07-2022
772,1503,Credit Card,SUCCESS,01-03-2023
773,1032,Credit Card,SUCCESS,22-11-2022
774,1285,UPI,SUCCESS,15-01-2023
775,436,Net Banking,PENDING,03-06-2022
776,1785,Cash on Delivery,SUCCESS,01-07-2023
777,1115,Debit Card,SUCCESS,23-07-2022
778,1028,Debit Card,FAILED,11-11-2023
779,1311,Credit Card,SUCCESS,05-12-2022
780,1927,Credit Card,SUCCESS,17-04-2024
781,500,UPI,SUCCESS,06-04-2022
782,613,Credit Card,FAILED,19-04-2023
783,17,UPI,SUCCESS,19-09-2022
784,1365,Cash on Delivery,SUCCESS,07-02-2023
785,1886,UPI,SUCCESS,14-12-2023
786,600,Cash,SUCCESS,02-02-2024
787,1563,Credit Card,SUCCESS,20-03-2024
788,456,Net Banking,PENDING,31-03-2024
789,946,UPI,SUCCESS,01-10-2022
790,390,Credit Card,SUCCESS,27-01-2024
791,1148,UPI,FAILED,17-02-2023
792,938,UPI,FAILED,19-06-2023
793,1166,Cash,SUCCESS,04-09-2023
794,616,UPI,SUCCESS,26-02-2024
795,118,Net Banking,SUCCESS,06-12-2023
796,663,Net Banking,SUCCESS,28-03-2024
797,163,Credit Card,SUCCESS,06-02-2023
798,339,Cash,SUCCESS,15-09-2022
799,259,Net Banking,FAILED,06-03-2023
800,191,Credit Card,FAILED,10-10-2022
801,1556,UPI,FAILED,27-07-2022
802,1522,Credit Card,SUCCESS,11-01-2023
803,627,UPI,PENDING,11-06-2024
804,954,Net Banking,SUCCESS,23-04-2022
805,435,Cash,SUCCESS,27-05-2024
806,470,Cash,SUCCESS,08-05-2024
807,74,Cash on Delivery,SUCCESS,10-03-2024
808,1604,UPI,FAILED,28-01-2024
809,1479,UPI,SUCCESS,14-02-2022
810,1856,UPI,SUCCESS,09-01-2023
811,416,UPI,FAILED,05-02-2023
812,758,Net Banking,SUCCESS,21-08-2023
813,395,Credit Card,SUCCESS,20-03-2023
814,27,Credit Card,SUCCESS,09-04-2023
815,1534,Cash,SUCCESS,05-01-2023
816,1708,Credit Card,FAILED,28-01-2022
817,651,UPI,SUCCESS,17-05-2022
818,843,UPI,SUCCESS,02-10-2022
819,1112,UPI,SUCCESS,21-08-2023
820,904,UPI,SUCCESS,11-03-2023
821,1805,Net Banking,FAILED,16-01-2022
822,76,UPI,SUCCESS,09-03-2022
823,271,Cash,PENDING,16-09-2023
824,1619,UPI,SUCCESS,26-02-2023
825,960,Cash on Delivery,SUCCESS,17-12-2022
826,1495,Credit Card,PENDING,26-12-2022
827,641,UPI,SUCCESS,11-09-2022
828,317,Debit Card,SUCCESS,17-01-2024
829,896,UPI,PENDING,09-02-2023
830,255,Credit Card,SUCCESS,06-11-2022
831,751,UPI,PENDING,24-12-2022
832,276,Debit Card,SUCCESS,07-02-2024
833,779,Net Banking,SUCCESS,19-05-2024
834,1056,Credit Card,SUCCESS,31-10-2023
835,337,UPI,FAILED,28-11-2022
836,1264,UPI,SUCCESS,14-02-2023
837,1929,Debit Card,SUCCESS,28-08-2022
838,568,Cash on Delivery,SUCCESS,29-11-2022
839,1595,Cash on Delivery,SUCCESS,08-03-2024
840,1467,Net Banking,SUCCESS,12-01-2022
841,1022,UPI,SUCCESS,26-10-2022
842,1877,UPI,SUCCESS,31-01-2022
843,1683,Credit Card,SUCCESS,13-04-2023
844,1567,Net Banking,SUCCESS,07-05-2024
845,490,UPI,PENDING,21-10-2022
846,1233,Cash,SUCCESS,19-01-2022
847,734,UPI,PENDING,07-06-2023
848,632,UPI,FAILED,19-04-2023
849,1852,Credit Card,SUCCESS,16-06-2024
850,1992,Credit Card,SUCCESS,31-12-2022
851,548,UPI,SUCCESS,15-05-2023
852,1985,Cash on Delivery,PENDING,15-06-2023
853,1822,Credit Card,SUCCESS,15-06-2023
854,880,UPI,SUCCESS,06-06-2024
855,389,UPI,SUCCESS,04-10-2022
856,1100,Cash,SUCCESS,09-01-2024
857,1226,UPI,SUCCESS,09-08-2023
858,1005,Debit Card,SUCCESS,19-05-2024
859,1647,UPI,SUCCESS,10-12-2023
860,465,Debit Card,FAILED,27-07-2023
861,1260,Cash on Delivery,SUCCESS,13-05-2022
862,601,UPI,SUCCESS,18-05-2022
863,1591,Cash,PENDING,30-04-2022
864,491,UPI,FAILED,25-02-2024
865,1504,Net Banking,SUCCESS,28-09-2023
866,1456,Net Banking,PENDING,07-03-2023
867,1452,Debit Card,SUCCESS,31-12-2022
868,736,Cash,FAILED,03-11-2022
869,479,UPI,FAILED,12-08-2023
870,708,Cash on Delivery,SUCCESS,14-09-2023
871,324,Cash,SUCCESS,08-09-2023
872,349,UPI,FAILED,28-04-2023
873,602,Credit Card,SUCCESS,17-03-2024
874,176,Cash on Delivery,SUCCESS,18-01-2023
875,1998,Credit Card,SUCCESS,07-06-2024
876,1572,UPI,PENDING,10-08-2022
877,720,Debit Card,SUCCESS,30-04-2022
878,1426,Debit Card,SUCCESS,14-01-2023
879,1380,Credit Card,SUCCESS,31-07-2022
880,1273,Debit Card,SUCCESS,10-04-2023
881,1821,Credit Card,FAILED,20-04-2024
882,528,Cash,PENDING,23-01-2024
883,1994,Debit Card,SUCCESS,21-09-2023
884,1128,Cash,FAILED,06-04-2024
885,997,Debit Card,PENDING,01-06-2024
886,975,UPI,FAILED,28-02-2024
887,930,UPI,SUCCESS,16-03-2023
888,1469,Cash on Delivery,SUCCESS,12-04-2023
889,306,UPI,SUCCESS,05-06-2023
890,319,UPI,SUCCESS,08-06-2024
891,442,UPI,SUCCESS,24-04-2022
892,1787,Net Banking,FAILED,26-06-2022
893,1883,Cash,SUCCESS,16-01-2023
894,1530,Net Banking,SUCCESS,02-11-2022
895,690,UPI,SUCCESS,02-09-2022
896,346,Credit Card,SUCCESS,11-02-2024
897,311,Credit Card,FAILED,23-10-2022
898,1083,UPI,SUCCESS,20-06-2022
899,1320,Debit Card,SUCCESS,24-03-2022
900,898,Cash,SUCCESS,09-12-2023
901,172,Cash on Delivery,SUCCESS,14-02-2023
902,1379,Debit Card,SUCCESS,01-05-2022
903,309,UPI,SUCCESS,03-01-2022
904,105,Credit Card,SUCCESS,07-10-2022
905,1630,UPI,FAILED,07-02-2024
906,413,Debit Card,SUCCESS,01-06-2024
907,1366,Debit Card,SUCCESS,12-02-2022
908,1609,Net Banking,SUCCESS,31-01-2024
909,865,Cash,SUCCESS,22-04-2023
910,978,Credit Card,SUCCESS,18-03-2022
911,571,Credit Card,SUCCESS,07-11-2022
912,988,Cash,FAILED,14-10-2022
913,1660,Credit Card,SUCCESS,11-03-2023
914,1270,UPI,FAILED,24-01-2022
915,52,UPI,FAILED,28-09-2022
916,214,Cash on Delivery,SUCCESS,23-06-2022
917,39,Debit Card,FAILED,22-12-2023
918,1296,Debit Card,SUCCESS,28-07-2022
919,1641,Debit Card,SUCCESS,26-05-2024
920,185,UPI,FAILED,26-11-2022
921,922,Debit Card,SUCCESS,03-09-2023
922,1060,UPI,PENDING,07-01-2023
923,1237,UPI,SUCCESS,19-11-2023
924,1458,UPI,FAILED,22-02-2022
925,48,Cash on Delivery,SUCCESS,28-11-2023
926,771,Debit Card,SUCCESS,09-01-2024
927,745,Credit Card,SUCCESS,04-06-2023
928,1346,UPI,SUCCESS,27-02-2022
929,603,UPI,PENDING,27-10-2022
930,551,UPI,SUCCESS,04-01-2023
931,1624,UPI,SUCCESS,03-04-2024
932,1444,Debit Card,SUCCESS,16-07-2022
933,707,UPI,FAILED,09-06-2022
934,826,Cash on Delivery,SUCCESS,02-07-2022
935,466,UPI,SUCCESS,10-06-2022
936,186,UPI,FAILED,29-07-2022
937,1898,Net Banking,SUCCESS,04-12-2022
938,828,Credit Card,SUCCESS,12-11-2023
939,863,Credit Card,SUCCESS,26-10-2022
940,1951,Credit Card,SUCCESS,16-03-2023
941,940,Credit Card,SUCCESS,10-01-2022
942,1800,Credit Card,PENDING,26-09-2023
943,414,UPI,SUCCESS,21-01-2022
944,850,UPI,FAILED,04-03-2023
945,636,UPI,SUCCESS,08-05-2024
946,1098,UPI,SUCCESS,15-03-2024
947,273,Debit Card,SUCCESS,05-05-2022
948,356,Credit Card,SUCCESS,19-06-2022
949,643,Net Banking,SUCCESS,24-06-2022
950,1969,UPI,SUCCESS,14-11-2022
951,1198,Credit Card,SUCCESS,13-04-2023
952,565,UPI,SUCCESS,23-11-2022
953,1219,UPI,SUCCESS,14-11-2022
954,872,Credit Card,SUCCESS,12-04-2023
955,788,Cash,SUCCESS,23-03-2024
956,1914,UPI,SUCCESS,23-03-2024
957,1828,Credit Card,SUCCESS,18-11-2022
958,36,UPI,FAILED,06-02-2023
959,84,Net Banking,SUCCESS,02-11-2022
960,1180,UPI,SUCCESS,21-04-2024
961,1368,Credit Card,SUCCESS,16-06-2022
962,1587,Net Banking,FAILED,20-11-2023
963,409,Cash on Delivery,FAILED,08-01-2022
964,330,Cash,SUCCESS,07-07-2022
965,1569,Cash,SUCCESS,04-02-2024
966,261,UPI,SUCCESS,10-12-2022
967,159,Credit Card,PENDING,17-07-2022
968,109,UPI,SUCCESS,25-11-2023
969,541,Debit Card,SUCCESS,04-08-2022
970,1381,UPI,SUCCESS,27-04-2024
971,891,Debit Card,SUCCESS,17-01-2022
972,719,Debit Card,SUCCESS,17-10-2022
973,1659,UPI,PENDING,29-01-2023
974,1008,Cash on Delivery,SUCCESS,19-03-2023
975,878,Cash,SUCCESS,14-10-2022
976,1114,Debit Card,SUCCESS,05-03-2023
977,316,Credit Card,SUCCESS,21-12-2023
978,1939,UPI,SUCCESS,20-03-2024
979,974,Debit Card,SUCCESS,22-08-2022
980,1332,UPI,PENDING,29-12-2022
981,830,UPI,SUCCESS,11-02-2024
982,1705,Debit Card,SUCCESS,24-02-2022
983,837,Credit Card,FAILED,16-03-2024
984,756,Net Banking,PENDING,08-03-2022
985,1738,UPI,FAILED,09-10-2023
986,342,UPI,SUCCESS,18-08-2023
987,667,Cash on Delivery,SUCCESS,22-05-2024
988,1007,Cash on Delivery,SUCCESS,09-04-2022
989,1972,Debit Card,SUCCESS,11-06-2023
990,1306,Credit Card,SUCCESS,29-05-2023
991,358,Credit Card,SUCCESS,21-09-2022
992,1404,Credit Card,SUCCESS,09-09-2023
993,405,UPI,FAILED,28-02-2023
994,1331,Cash,SUCCESS,01-05-2022
995,942,UPI,SUCCESS,10-10-2022
996,1920,Cash on Delivery,SUCCESS,08-06-2022
997,519,Net Banking,SUCCESS,11-09-2022
998,893,Net Banking,SUCCESS,24-02-2024
999,373,Credit Card,FAILED,06-04-2023
1000,1126,UPI,SUCCESS,10-11-2023
1001,64,UPI,SUCCESS,11-05-2023
1002,302,Cash,PENDING,03-03-2022
1003,1786,Credit Card,SUCCESS,22-12-2022
1004,1068,UPI,SUCCESS,11-06-2023
1005,1747,Net Banking,SUCCESS,31-05-2023
1006,195,UPI,FAILED,14-07-2023
1007,1387,Credit Card,FAILED,08-06-2023
1008,1640,UPI,PENDING,08-07-2023
1009,238,Credit Card,SUCCESS,16-10-2022
1010,929,Net Banking,SUCCESS,09-04-2022
1011,1847,UPI,SUCCESS,12-06-2024
1012,1353,Cash,SUCCESS,16-06-2024
1013,469,UPI,SUCCESS,02-09-2022
1014,475,Net Banking,SUCCESS,21-04-2022
1015,1447,Net Banking,SUCCESS,12-01-2024
1016,1497,UPI,SUCCESS,25-07-2023
1017,411,Debit Card,SUCCESS,03-09-2022
1018,1035,Credit Card,SUCCESS,26-03-2024
1019,838,Cash on Delivery,SUCCESS,28-08-2023
1020,1832,UPI,SUCCESS,16-05-2024
1021,58,Net Banking,SUCCESS,05-03-2022
1022,240,Credit Card,SUCCESS,17-06-2022
1023,1002,UPI,SUCCESS,13-07-2022
1024,126,Credit Card,SUCCESS,06-06-2023
1025,26,Cash,FAILED,14-11-2023
1026,444,UPI,SUCCESS,19-03-2023
1027,1564,UPI,SUCCESS,16-06-2024
1028,1970,Credit Card,SUCCESS,05-10-2022
1029,378,Credit Card,SUCCESS,05-09-2022
1030,1745,UPI,SUCCESS,04-02-2024
1031,1364,Net Banking,FAILED,07-02-2022
1032,543,UPI,SUCCESS,16-07-2023
1033,900,Credit Card,SUCCESS,12-09-2023
1034,429,Credit Card,SUCCESS,13-05-2024
1035,310,Cash,SUCCESS,21-03-2022
1036,1594,UPI,SUCCESS,10-04-2024
1037,1326,Credit Card,PENDING,05-04-2022
1038,569,UPI,SUCCESS,23-03-2023
1039,1885,UPI,FAILED,24-10-2022
1040,795,Credit Card,SUCCESS,07-09-2022
1041,794,UPI,SUCCESS,14-01-2024
1042,1781,UPI,SUCCESS,12-03-2023
1043,1736,UPI,FAILED,17-01-2023
1044,811,UPI,SUCCESS,15-08-2022
1045,1840,Cash on Delivery,SUCCESS,06-03-2024
1046,827,Credit Card,SUCCESS,26-04-2022
1047,1217,Cash on Delivery,SUCCESS,04-08-2023
1048,1727,UPI,FAILED,13-03-2024
1049,313,Debit Card,SUCCESS,06-04-2022
1050,1228,UPI,SUCCESS,06-11-2022
1051,1864,Cash,SUCCESS,09-02-2022
1052,737,UPI,SUCCESS,08-02-2022
1053,1435,Net Banking,SUCCESS,05-09-2023
1054,1723,Credit Card,PENDING,24-12-2023
1055,472,Credit Card,SUCCESS,26-02-2023
1056,515,Net Banking,SUCCESS,05-11-2022
1057,108,Net Banking,SUCCESS,09-03-2022
1058,1539,UPI,PENDING,21-11-2022
1059,1955,Debit Card,SUCCESS,10-08-2022
1060,170,UPI,SUCCESS,25-10-2023
1061,1446,Credit Card,SUCCESS,26-02-2023
1062,202,Credit Card,SUCCESS,26-07-2023
1063,54,UPI,PENDING,08-03-2023
1064,1843,UPI,SUCCESS,28-12-2023
1065,691,Credit Card,FAILED,14-06-2024
1066,216,Net Banking,FAILED,23-10-2022
1067,510,UPI,SUCCESS,24-01-2022
1068,1764,Credit Card,SUCCESS,24-04-2022
1069,1240,UPI,SUCCESS,11-08-2022
1070,645,Cash on Delivery,SUCCESS,26-01-2024
1071,787,Debit Card,SUCCESS,11-12-2022
1072,1980,Cash,SUCCESS,10-10-2022
1073,1977,UPI,FAILED,09-08-2022
1074,1314,Net Banking,SUCCESS,27-08-2022
1075,1714,UPI,SUCCESS,16-03-2024
1076,836,Cash on Delivery,SUCCESS,15-10-2023
1077,1549,UPI,SUCCESS,05-07-2023
1078,1754,Cash,SUCCESS,01-05-2023
1079,1427,Cash on Delivery,SUCCESS,29-11-2022
1080,682,Net Banking,SUCCESS,04-06-2024
1081,649,Cash,SUCCESS,26-02-2022
1082,401,Cash on Delivery,SUCCESS,02-03-2023
1083,478,UPI,SUCCESS,20-05-2024
1084,829,Net Banking,SUCCESS,29-01-2023
1085,1462,Debit Card,FAILED,25-07-2023
1086,542,UPI,SUCCESS,16-09-2022
1087,1350,Cash on Delivery,SUCCESS,22-01-2024
1088,355,Net Banking,SUCCESS,13-11-2022
1089,268,UPI,SUCCESS,12-08-2022
1090,1608,UPI,SUCCESS,11-04-2023
1091,1046,Credit Card,SUCCESS,29-09-2022
1092,1825,Net Banking,SUCCESS,08-09-2023
1093,689,UPI,SUCCESS,04-04-2022
1094,57,Debit Card,SUCCESS,30-08-2022
1095,583,Debit Card,SUCCESS,21-01-2022
1096,1191,Cash,FAILED,03-01-2022
1097,536,Cash,PENDING,17-09-2022
1098,1069,UPI,SUCCESS,23-06-2022
1099,935,UPI,SUCCESS,11-02-2022
1100,1375,Debit Card,PENDING,17-01-2024
1101,1704,Net Banking,SUCCESS,07-01-2022
1102,315,Net Banking,FAILED,29-05-2023
1103,1448,UPI,SUCCESS,25-05-2022
1104,698,UPI,PENDING,10-02-2024
1105,572,UPI,SUCCESS,18-12-2023
1106,1151,Cash on Delivery,SUCCESS,11-02-2022
1107,148,UPI,SUCCESS,22-06-2023
1108,1107,Debit Card,FAILED,10-06-2023
1109,1700,UPI,SUCCESS,17-06-2023
1110,1861,Credit Card,SUCCESS,29-05-2024
1111,1251,UPI,FAILED,15-05-2023
1112,1277,Net Banking,SUCCESS,09-06-2024
1113,1272,UPI,FAILED,25-04-2023
1114,67,Net Banking,SUCCESS,18-12-2023
1115,1088,UPI,SUCCESS,23-04-2024
1116,1600,UPI,SUCCESS,10-09-2022
1117,380,Cash on Delivery,FAILED,10-06-2022
1118,768,Cash on Delivery,PENDING,22-07-2023
1119,759,Credit Card,SUCCESS,18-03-2023
1120,459,UPI,SUCCESS,04-11-2022
1121,797,Debit Card,PENDING,30-03-2024
1122,1352,Credit Card,FAILED,20-10-2022
1123,1580,UPI,SUCCESS,31-07-2022
1124,679,UPI,FAILED,11-07-2023
1125,870,Net Banking,SUCCESS,28-10-2022
1126,1960,UPI,SUCCESS,23-02-2022
1127,962,Credit Card,SUCCESS,13-02-2024
1128,1421,UPI,SUCCESS,11-05-2024
1129,320,Cash on Delivery,SUCCESS,12-12-2022
1130,1724,Net Banking,SUCCESS,31-01-2024
1131,59,UPI,SUCCESS,10-01-2023
1132,1671,Net Banking,SUCCESS,18-10-2022
1133,1921,Debit Card,FAILED,24-02-2024
1134,612,Credit Card,SUCCESS,03-09-2023
1135,348,UPI,SUCCESS,03-01-2024
1136,312,UPI,SUCCESS,17-01-2023
1137,1141,UPI,SUCCESS,02-11-2022
1138,152,UPI,SUCCESS,17-07-2023
1139,1560,Net Banking,SUCCESS,18-07-2022
1140,1545,UPI,FAILED,19-03-2023
1141,221,Cash on Delivery,SUCCESS,24-10-2022
1142,874,Cash on Delivery,PENDING,16-08-2023
1143,1137,UPI,SUCCESS,04-06-2023
1144,1178,Cash,SUCCESS,24-03-2024
1145,738,Cash,SUCCESS,17-06-2024
1146,72,Net Banking,SUCCESS,17-01-2022
1147,82,Net Banking,FAILED,18-11-2023
1148,1209,UPI,FAILED,12-10-2022
1149,968,UPI,SUCCESS,16-06-2024
1150,1086,Credit Card,SUCCESS,11-01-2022
1151,1903,Credit Card,SUCCESS,13-01-2022
1152,1442,UPI,PENDING,14-12-2023
1153,1610,UPI,SUCCESS,25-11-2022
1154,454,Credit Card,SUCCESS,17-12-2022
1155,1635,UPI,SUCCESS,26-03-2022
1156,1529,Cash on Delivery,SUCCESS,27-12-2023
1157,1397,UPI,SUCCESS,07-06-2023
1158,1590,Debit Card,FAILED,26-01-2023
1159,293,Credit Card,PENDING,30-12-2022
1160,1474,UPI,FAILED,25-05-2022
1161,1963,Cash on Delivery,SUCCESS,01-03-2023
1162,1171,Cash,SUCCESS,26-09-2023
1163,34,Cash,SUCCESS,29-09-2023
1164,77,UPI,SUCCESS,19-06-2023
1165,774,Credit Card,PENDING,07-11-2023
1166,574,UPI,FAILED,15-02-2024
1167,1649,Credit Card,SUCCESS,07-10-2022
1168,1741,UPI,SUCCESS,25-11-2023
1169,1622,Debit Card,SUCCESS,13-11-2022
1170,351,Credit Card,FAILED,29-09-2022
1171,1695,Cash on Delivery,SUCCESS,18-04-2023
1172,911,UPI,PENDING,09-01-2023
1173,1250,Cash on Delivery,SUCCESS,12-01-2022
1174,1890,Debit Card,SUCCESS,16-05-2022
1175,180,Net Banking,SUCCESS,22-11-2023
1176,620,UPI,SUCCESS,09-10-2022
1177,857,Cash,SUCCESS,12-08-2023
1178,530,Debit Card,FAILED,28-04-2022
1179,706,Cash on Delivery,PENDING,15-10-2023
1180,809,UPI,SUCCESS,07-09-2022
1181,1325,UPI,SUCCESS,31-08-2022
1182,1550,Debit Card,SUCCESS,07-12-2023
1183,1089,UPI,PENDING,03-01-2022
1184,1185,UPI,SUCCESS,13-05-2022
1185,70,Cash on Delivery,FAILED,27-01-2024
1186,1288,Debit Card,SUCCESS,24-02-2024
1187,299,Cash,PENDING,14-01-2024
1188,1648,Cash on Delivery,SUCCESS,22-06-2024
1189,555,UPI,SUCCESS,05-07-2022
1190,789,UPI,SUCCESS,26-01-2023
1191,1323,Cash on Delivery,SUCCESS,25-02-2022
1192,16,Debit Card,SUCCESS,21-01-2023
1193,1854,Debit Card,FAILED,09-07-2022
1194,460,Cash on Delivery,FAILED,18-11-2022
1195,1771,Credit Card,SUCCESS,24-10-2022
1196,397,Credit Card,SUCCESS,03-12-2022
1197,21,Cash on Delivery,SUCCESS,31-07-2022
1198,1146,Credit Card,SUCCESS,28-09-2022
1199,1862,UPI,SUCCESS,06-01-2022
1200,1337,Debit Card,FAILED,05-03-2024
